Sample_ID,Collection_Date,Collection_Method,Lifestage,Bug_Size_mm,Taxon
MST4_2017,8/19/2017,Kick net,Adult,1.2,Hygrobatidae
MST4_2017,8/19/2017,Kick net,Adult,1,Hygrobatidae
MST4_2017,8/19/2017,Kick net,Adult,1,Lebertia
MST4_2017,8/19/2017,Kick net,Adult,1,Sperchon
MST4_2017,8/19/2017,Kick net,Adult,1.2,Sperchon
MST4_2017,8/19/2017,Kick net,Pupae,4.4,Chironomidae
MST4_2017,8/19/2017,Kick net,Pupae,3.6,Chironomidae
MST4_2017,8/19/2017,Kick net,Pupae,3.4,Chironomidae
MST4_2017,8/19/2017,Kick net,Pupae,3,Chironomidae
MST4_2017,8/19/2017,Kick net,Pupae,5.6,Chironomidae
MST4_2017,8/19/2017,Kick net,Larvae,2.8,Chironominae
MST4_2017,8/19/2017,Kick net,Larvae,1.8,Chironominae
MST4_2017,8/19/2017,Kick net,Larvae,2,Chironominae
MST4_2017,8/19/2017,Kick net,Larvae,3.2,Chironominae
MST4_2017,8/19/2017,Kick net,Larvae,4.2,Chironominae
MST4_2017,8/19/2017,Kick net,Larvae,4,Chironominae
MST4_2017,8/19/2017,Kick net,Larvae,3.6,Chironominae
MST4_2017,8/19/2017,Kick net,Larvae,3,Chironominae
MST4_2017,8/19/2017,Kick net,Larvae,4.8,Orthocladiinae
MST4_2017,8/19/2017,Kick net,Larvae,2.2,Orthocladiinae
MST4_2017,8/19/2017,Kick net,Larvae,3.4,Orthocladiinae
MST4_2017,8/19/2017,Kick net,Larvae,3,Orthocladiinae
MST4_2017,8/19/2017,Kick net,Larvae,3.6,Orthocladiinae
MST4_2017,8/19/2017,Kick net,Larvae,3.2,Orthocladiinae
MST4_2017,8/19/2017,Kick net,Larvae,4,Orthocladiinae
MST4_2017,8/19/2017,Kick net,Larvae,2.6,Orthocladiinae
MST4_2017,8/19/2017,Kick net,Larvae,2.8,Orthocladiinae
MST4_2017,8/19/2017,Kick net,Larvae,3.8,Orthocladiinae
MST4_2017,8/19/2017,Kick net,Larvae,4.4,Orthocladiinae
MST4_2017,8/19/2017,Kick net,Larvae,2.4,Orthocladiinae
MST4_2017,8/19/2017,Kick net,Larvae,7,Orthocladiinae
MST4_2017,8/19/2017,Kick net,Larvae,5.4,Orthocladiinae
MST4_2017,8/19/2017,Kick net,Larvae,6.2,Orthocladiinae
MST4_2017,8/19/2017,Kick net,Larvae,5,Orthocladiinae
MST4_2017,8/19/2017,Kick net,Larvae,4.4,Tanypodinae
MST4_2017,8/19/2017,Kick net,Larvae,4,Clinocera
MST4_2017,8/19/2017,Kick net,Larvae,4.2,Pericoma
MST4_2017,8/19/2017,Kick net,Larvae,8.6,Dicranota
MST4_2017,8/19/2017,Kick net,Larvae,9.6,Tipula
MST4_2017,8/19/2017,Kick net,Larvae,5.2,Baetis
MST4_2017,8/19/2017,Kick net,Larvae,5.6,Baetis
MST4_2017,8/19/2017,Kick net,Larvae,5,Baetis
MST4_2017,8/19/2017,Kick net,Larvae,2.4,Ephemerellidae
MST4_2017,8/19/2017,Kick net,Larvae,2,Heptageniidae
MST4_2017,8/19/2017,Kick net,Larvae,1.6,Heptageniidae
MST4_2017,8/19/2017,Kick net,Larvae,5.6,Cinygmula
MST4_2017,8/19/2017,Kick net,Larvae,6.4,Epeorus
MST4_2017,8/19/2017,Kick net,Larvae,2.8,Capniidae
MST4_2017,8/19/2017,Kick net,Larvae,6.4,Capniidae
MST4_2017,8/19/2017,Kick net,Larvae,1.4,Capniidae
MST4_2017,8/19/2017,Kick net,Larvae,3.6,Nemouridae
MST4_2017,8/19/2017,Kick net,Larvae,8.6,Arcynopteryx compacta
MST4_2017,8/19/2017,Kick net,Larvae,6.2,Arcynopteryx compacta
MST4_2017,8/19/2017,Kick net,Larvae,7,Arcynopteryx compacta
MST4_2017,8/19/2017,Kick net,Larvae,4.4,Acentrella
MST4_2017,8/19/2017,Kick net,Larvae,3.4,Acentrella
MST4_2017,8/19/2017,Kick net,Larvae,4,Acentrella
NFT4_2017,8/18/2017,Kick net,Adult,11.2,Oligochaeta
NFT4_2017,8/18/2017,Kick net,Adult,4.4,Oligochaeta
NFT4_2017,8/18/2017,Kick net,Adult,3.6,Oligochaeta
NFT4_2017,8/18/2017,Kick net,Adult,8,Oligochaeta
NFT4_2017,8/18/2017,Kick net,Adult,4.2,Oligochaeta
NFT4_2017,8/18/2017,Kick net,Adult,1,Trombidiformes
NFT4_2017,8/18/2017,Kick net,Adult,1,Hygrobatidae
NFT4_2017,8/18/2017,Kick net,Adult,1.2,Hygrobatidae
NFT4_2017,8/18/2017,Kick net,Adult,1,Lebertia
NFT4_2017,8/18/2017,Kick net,Pupae,3.8,Chironomidae
NFT4_2017,8/18/2017,Kick net,Pupae,2.6,Chironomidae
NFT4_2017,8/18/2017,Kick net,Larvae,5.4,Orthocladiinae
NFT4_2017,8/18/2017,Kick net,Larvae,1.6,Orthocladiinae
NFT4_2017,8/18/2017,Kick net,Larvae,4.6,Orthocladiinae
NFT4_2017,8/18/2017,Kick net,Larvae,4.4,Orthocladiinae
NFT4_2017,8/18/2017,Kick net,Larvae,7.4,Chelifera
NFT4_2017,8/18/2017,Kick net,Larvae,3.6,Simulium
NFT4_2017,8/18/2017,Kick net,Larvae,4.4,Simulium
NFT4_2017,8/18/2017,Kick net,Larvae,5,Simulium
NFT4_2017,8/18/2017,Kick net,Larvae,4.2,Simulium
NFT4_2017,8/18/2017,Kick net,Larvae,7,Tipula
NFT4_2017,8/18/2017,Kick net,Larvae,12.4,Tipula
NFT4_2017,8/18/2017,Kick net,Larvae,3.2,Ephemerellidae
NFT4_2017,8/18/2017,Kick net,Larvae,3,Capniidae
NFT4_2017,8/18/2017,Kick net,Larvae,6.4,Arcynopteryx compacta
NFT4_2017,8/18/2017,Kick net,Larvae,4.4,Acentrella
NFT4_2017,8/18/2017,Kick net,Larvae,2.2,Acentrella
NFT4_2017,8/18/2017,Kick net,Larvae,2,Acentrella
NFT4_2017,8/18/2017,Kick net,Larvae,3.6,Acentrella
NFT4_2017,8/18/2017,Kick net,Larvae,3,Acentrella
NFT4_2017,8/18/2017,Kick net,Larvae,4.6,Acentrella
NFT4_2017,8/18/2017,Kick net,Larvae,3.4,Acentrella
NFT4_2017,8/18/2017,Kick net,Larvae,2.6,Acentrella
NFT4_2017,8/18/2017,Kick net,Larvae,2.4,Acentrella
NFT4_2017,8/18/2017,Kick net,Larvae,3.2,Acentrella
NFT4_2017,8/18/2017,Kick net,Larvae,2.8,Acentrella
NFT4_2017,8/18/2017,Kick net,Larvae,4.2,Probezzia
NFT3_2017,8/17/2017,Kick net,Adult,1.2,Hygrobatidae
NFT3_2017,8/17/2017,Kick net,Adult,1,Lebertia
NFT3_2017,8/17/2017,Kick net,Adult,1,Sperchon
NFT3_2017,8/17/2017,Kick net,Larvae,2.4,Orthocladiinae
NFT3_2017,8/17/2017,Kick net,Larvae,6,Orthocladiinae
NFT3_2017,8/17/2017,Kick net,Larvae,2.6,Orthocladiinae
NFT3_2017,8/17/2017,Kick net,Larvae,1.4,Orthocladiinae
NFT3_2017,8/17/2017,Kick net,Larvae,6.2,Orthocladiinae
NFT3_2017,8/17/2017,Kick net,Larvae,5.2,Orthocladiinae
NFT3_2017,8/17/2017,Kick net,Larvae,4.6,Orthocladiinae
NFT3_2017,8/17/2017,Kick net,Larvae,5.4,Orthocladiinae
NFT3_2017,8/17/2017,Kick net,Larvae,5,Orthocladiinae
NFT3_2017,8/17/2017,Kick net,Larvae,5.6,Orthocladiinae
NFT3_2017,8/17/2017,Kick net,Larvae,5.8,Orthocladiinae
NFT3_2017,8/17/2017,Kick net,Larvae,3.4,Orthocladiinae
NFT3_2017,8/17/2017,Kick net,Larvae,3.6,Orthocladiinae
NFT3_2017,8/17/2017,Kick net,Larvae,3.2,Orthocladiinae
NFT3_2017,8/17/2017,Kick net,Larvae,8.6,Chelifera
NFT3_2017,8/17/2017,Kick net,Larvae,3.6,Pericoma
NFT3_2017,8/17/2017,Kick net,Larvae,4.2,Pericoma
NFT3_2017,8/17/2017,Kick net,Larvae,3.4,Simulium
NFT3_2017,8/17/2017,Kick net,Larvae,3.8,Simulium
NFT3_2017,8/17/2017,Kick net,Larvae,5,Simulium
NFT3_2017,8/17/2017,Kick net,Larvae,4.2,Simulium
NFT3_2017,8/17/2017,Kick net,Larvae,4,Simulium
NFT3_2017,8/17/2017,Kick net,Larvae,4.4,Simulium
NFT3_2017,8/17/2017,Kick net,Larvae,3.6,Simulium
NFT3_2017,8/17/2017,Kick net,Larvae,4.6,Simulium
NFT3_2017,8/17/2017,Kick net,Larvae,4.8,Simulium
NFT3_2017,8/17/2017,Kick net,Larvae,3,Simulium
NFT3_2017,8/17/2017,Kick net,Larvae,8.4,Dicranota
NFT3_2017,8/17/2017,Kick net,Larvae,16.4,Tipula
NFT3_2017,8/17/2017,Kick net,Larvae,34.4,Tipula
NFT3_2017,8/17/2017,Kick net,Larvae,11.6,Tipula
NFT3_2017,8/17/2017,Kick net,Larvae,9.6,Tipula
NFT3_2017,8/17/2017,Kick net,Larvae,8.6,Tipula
NFT3_2017,8/17/2017,Kick net,Larvae,10.4,Tipula
NFT3_2017,8/17/2017,Kick net,Larvae,7.6,Tipula
NFT3_2017,8/17/2017,Kick net,Larvae,9.4,Tipula
NFT3_2017,8/17/2017,Kick net,Larvae,15.2,Tipula
NFT3_2017,8/17/2017,Kick net,Larvae,8,Tipula
NFT3_2017,8/17/2017,Kick net,Larvae,10.2,Tipula
NFT3_2017,8/17/2017,Kick net,Larvae,2.6,Heptageniidae
NFT3_2017,8/17/2017,Kick net,Larvae,2.4,Heptageniidae
NFT3_2017,8/17/2017,Kick net,Larvae,2.8,Heptageniidae
NFT3_2017,8/17/2017,Kick net,Larvae,2.2,Heptageniidae
NFT3_2017,8/17/2017,Kick net,Larvae,6.4,Cinygmula
NFT3_2017,8/17/2017,Kick net,Larvae,8.4,Cinygmula
NFT3_2017,8/17/2017,Kick net,Larvae,4.6,Ameletus
NFT3_2017,8/17/2017,Kick net,Larvae,6.2,Utacapnia
NFT3_2017,8/17/2017,Kick net,Larvae,6,Utacapnia
NFT3_2017,8/17/2017,Kick net,Larvae,6.4,Podmosta
NFT3_2017,8/17/2017,Kick net,Larvae,5,Podmosta
NFT3_2017,8/17/2017,Kick net,Larvae,5.2,Podmosta
NFT3_2017,8/17/2017,Kick net,Larvae,4,Podmosta
NFT3_2017,8/17/2017,Kick net,Larvae,4.8,Podmosta
NFT3_2017,8/17/2017,Kick net,Larvae,6,Podmosta
NFT3_2017,8/17/2017,Kick net,Larvae,14.2,Dicosmoecus
NFT3_2017,8/17/2017,Kick net,Larvae,7.2,Arcynopteryx compacta
NFT3_2017,8/17/2017,Kick net,Larvae,1.4,Amiocentrus aspilus
NFT3_2017,8/17/2017,Kick net,Larvae,6.2,Metacnephia
NFT3_2017,8/17/2017,Kick net,Larvae,8,Prosimulium/Helodon
NFT2_2017,8/17/2017,Kick net,Adult,6.2,Oligochaeta
NFT2_2017,8/17/2017,Kick net,Adult,3,Oligochaeta
NFT2_2017,8/17/2017,Kick net,Adult,3.6,Oligochaeta
NFT2_2017,8/17/2017,Kick net,Adult,4,Oligochaeta
NFT2_2017,8/17/2017,Kick net,Adult,4.2,Oligochaeta
NFT2_2017,8/17/2017,Kick net,Adult,6,Oligochaeta
NFT2_2017,8/17/2017,Kick net,Adult,3.8,Oligochaeta
NFT2_2017,8/17/2017,Kick net,Adult,5.2,Oligochaeta
NFT2_2017,8/17/2017,Kick net,Adult,5.8,Oligochaeta
NFT2_2017,8/17/2017,Kick net,Adult,10,Oligochaeta
NFT2_2017,8/17/2017,Kick net,Adult,4.4,Oligochaeta
NFT2_2017,8/17/2017,Kick net,Adult,2,Oligochaeta
NFT2_2017,8/17/2017,Kick net,Adult,3.4,Oligochaeta
NFT2_2017,8/17/2017,Kick net,Adult,6.4,Oligochaeta
NFT2_2017,8/17/2017,Kick net,Adult,8.4,Oligochaeta
NFT2_2017,8/17/2017,Kick net,Adult,9.2,Oligochaeta
NFT2_2017,8/17/2017,Kick net,Adult,9,Oligochaeta
NFT2_2017,8/17/2017,Kick net,Adult,2.8,Oligochaeta
NFT2_2017,8/17/2017,Kick net,Adult,7.4,Oligochaeta
NFT2_2017,8/17/2017,Kick net,Adult,1.2,Hygrobatidae
NFT2_2017,8/17/2017,Kick net,Adult,1,Hygrobatidae
NFT2_2017,8/17/2017,Kick net,Adult,1,Lebertia
NFT2_2017,8/17/2017,Kick net,Adult,1,Sperchon
NFT2_2017,8/17/2017,Kick net,Pupae,4.6,Chironomidae
NFT2_2017,8/17/2017,Kick net,Pupae,4,Chironomidae
NFT2_2017,8/17/2017,Kick net,Pupae,3.4,Chironomidae
NFT2_2017,8/17/2017,Kick net,Pupae,2.6,Chironomidae
NFT2_2017,8/17/2017,Kick net,Pupae,3,Chironomidae
NFT2_2017,8/17/2017,Kick net,Larvae,2.4,Chironominae
NFT2_2017,8/17/2017,Kick net,Larvae,1.6,Chironominae
NFT2_2017,8/17/2017,Kick net,Larvae,7.6,Chironominae
NFT2_2017,8/17/2017,Kick net,Larvae,5.6,Chironominae
NFT2_2017,8/17/2017,Kick net,Larvae,3.4,Chironominae
NFT2_2017,8/17/2017,Kick net,Larvae,2,Chironominae
NFT2_2017,8/17/2017,Kick net,Larvae,3.2,Chironominae
NFT2_2017,8/17/2017,Kick net,Larvae,1.4,Chironominae
NFT2_2017,8/17/2017,Kick net,Larvae,1,Chironominae
NFT2_2017,8/17/2017,Kick net,Larvae,3,Chironominae
NFT2_2017,8/17/2017,Kick net,Larvae,2.4,Orthocladiinae
NFT2_2017,8/17/2017,Kick net,Larvae,6,Orthocladiinae
NFT2_2017,8/17/2017,Kick net,Larvae,5,Orthocladiinae
NFT2_2017,8/17/2017,Kick net,Larvae,6.2,Orthocladiinae
NFT2_2017,8/17/2017,Kick net,Larvae,5.2,Orthocladiinae
NFT2_2017,8/17/2017,Kick net,Larvae,3.2,Orthocladiinae
NFT2_2017,8/17/2017,Kick net,Larvae,1.4,Orthocladiinae
NFT2_2017,8/17/2017,Kick net,Larvae,4.6,Orthocladiinae
NFT2_2017,8/17/2017,Kick net,Larvae,4.8,Orthocladiinae
NFT2_2017,8/17/2017,Kick net,Larvae,2.8,Orthocladiinae
NFT2_2017,8/17/2017,Kick net,Larvae,2,Orthocladiinae
NFT2_2017,8/17/2017,Kick net,Larvae,5.6,Orthocladiinae
NFT2_2017,8/17/2017,Kick net,Larvae,4.4,Orthocladiinae
NFT2_2017,8/17/2017,Kick net,Larvae,1,Orthocladiinae
NFT2_2017,8/17/2017,Kick net,Larvae,3,Orthocladiinae
NFT2_2017,8/17/2017,Kick net,Larvae,3.6,Orthocladiinae
NFT2_2017,8/17/2017,Kick net,Larvae,6.2,Chelifera
NFT2_2017,8/17/2017,Kick net,Larvae,6.6,Chelifera
NFT2_2017,8/17/2017,Kick net,Larvae,7.2,Chelifera
NFT2_2017,8/17/2017,Kick net,Larvae,7.4,Chelifera
NFT2_2017,8/17/2017,Kick net,Larvae,6,Chelifera
NFT2_2017,8/17/2017,Kick net,Larvae,7.6,Chelifera
NFT2_2017,8/17/2017,Kick net,Larvae,5.4,Chelifera
NFT2_2017,8/17/2017,Kick net,Larvae,3.4,Chelifera
NFT2_2017,8/17/2017,Kick net,Larvae,4.6,Clinocera
NFT2_2017,8/17/2017,Kick net,Larvae,5.2,Simulium
NFT2_2017,8/17/2017,Kick net,Larvae,3.4,Simulium
NFT2_2017,8/17/2017,Kick net,Larvae,17.4,Limnophila
NFT2_2017,8/17/2017,Kick net,Larvae,32.8,Tipula
NFT2_2017,8/17/2017,Kick net,Larvae,32,Tipula
NFT2_2017,8/17/2017,Kick net,Larvae,35.8,Tipula
NFT2_2017,8/17/2017,Kick net,Larvae,14,Tipula
NFT2_2017,8/17/2017,Kick net,Larvae,13.2,Tipula
NFT2_2017,8/17/2017,Kick net,Larvae,31.6,Tipula
NFT2_2017,8/17/2017,Kick net,Larvae,14.6,Tipula
NFT2_2017,8/17/2017,Kick net,Larvae,13.6,Tipula
NFT2_2017,8/17/2017,Kick net,Larvae,10,Tipula
NFT2_2017,8/17/2017,Kick net,Larvae,7,Tipula
NFT2_2017,8/17/2017,Kick net,Larvae,6,Tipula
NFT2_2017,8/17/2017,Kick net,Larvae,6.4,Tipula
NFT2_2017,8/17/2017,Kick net,Larvae,13,Tipula
NFT2_2017,8/17/2017,Kick net,Larvae,10.4,Tipula
NFT2_2017,8/17/2017,Kick net,Larvae,8.8,Tipula
NFT2_2017,8/17/2017,Kick net,Larvae,8,Tipula
NFT2_2017,8/17/2017,Kick net,Larvae,9.6,Tipula
NFT2_2017,8/17/2017,Kick net,Larvae,8.6,Tipula
NFT2_2017,8/17/2017,Kick net,Larvae,5.6,Tipula
NFT2_2017,8/17/2017,Kick net,Larvae,8.4,Tipula
NFT2_2017,8/17/2017,Kick net,Larvae,10.2,Tipula
NFT2_2017,8/17/2017,Kick net,Larvae,12.4,Tipula
NFT2_2017,8/17/2017,Kick net,Larvae,6,Baetis
NFT2_2017,8/17/2017,Kick net,Larvae,5.4,Baetis
NFT2_2017,8/17/2017,Kick net,Larvae,5,Baetis
NFT2_2017,8/17/2017,Kick net,Larvae,6.2,Baetis
NFT2_2017,8/17/2017,Kick net,Larvae,4.6,Baetis
NFT2_2017,8/17/2017,Kick net,Larvae,5.6,Baetis
NFT2_2017,8/17/2017,Kick net,Larvae,5.2,Baetis
NFT2_2017,8/17/2017,Kick net,Larvae,5.8,Baetis
NFT2_2017,8/17/2017,Kick net,Larvae,4,Baetis
NFT2_2017,8/17/2017,Kick net,Larvae,4.4,Baetis
NFT2_2017,8/17/2017,Kick net,Larvae,2.4,Heptageniidae
NFT2_2017,8/17/2017,Kick net,Larvae,2,Heptageniidae
NFT2_2017,8/17/2017,Kick net,Larvae,1.8,Heptageniidae
NFT2_2017,8/17/2017,Kick net,Larvae,7.4,Cinygmula
NFT2_2017,8/17/2017,Kick net,Larvae,8,Cinygmula
NFT2_2017,8/17/2017,Kick net,Larvae,8.2,Cinygmula
NFT2_2017,8/17/2017,Kick net,Larvae,2.6,Plecoptera
NFT2_2017,8/17/2017,Kick net,Larvae,1.2,Plecoptera
NFT2_2017,8/17/2017,Kick net,Larvae,1.4,Plecoptera
NFT2_2017,8/17/2017,Kick net,Larvae,2.6,Capniidae
NFT2_2017,8/17/2017,Kick net,Larvae,3,Capniidae
NFT2_2017,8/17/2017,Kick net,Larvae,4.4,Capniidae
NFT2_2017,8/17/2017,Kick net,Larvae,3.2,Capniidae
NFT2_2017,8/17/2017,Kick net,Larvae,3.6,Capniidae
NFT2_2017,8/17/2017,Kick net,Larvae,6,Capniidae
NFT2_2017,8/17/2017,Kick net,Larvae,2.2,Capniidae
NFT2_2017,8/17/2017,Kick net,Larvae,2,Capniidae
NFT2_2017,8/17/2017,Kick net,Larvae,5.6,Capniidae
NFT2_2017,8/17/2017,Kick net,Adult,2,Gastropoda
NFT2_2017,8/17/2017,Kick net,Larvae,9,Arcynopteryx compacta
NFT2_2017,8/17/2017,Kick net,Larvae,6.2,Arcynopteryx compacta
NFT2_2017,8/17/2017,Kick net,Larvae,7.2,Arcynopteryx compacta
NFT2_2017,8/17/2017,Kick net,Larvae,8.2,Arcynopteryx compacta
NFT2_2017,8/17/2017,Kick net,Larvae,7.6,Arcynopteryx compacta
NFT2_2017,8/17/2017,Kick net,Larvae,7.4,Arcynopteryx compacta
NFT2_2017,8/17/2017,Kick net,Larvae,6,Arcynopteryx compacta
NFT2_2017,8/17/2017,Kick net,Larvae,9.2,Arcynopteryx compacta
NFT2_2017,8/17/2017,Kick net,Larvae,6.6,Arcynopteryx compacta
NFT2_2017,8/17/2017,Kick net,Larvae,10.4,Arcynopteryx compacta
NFT2_2017,8/17/2017,Kick net,Larvae,5.6,Arcynopteryx compacta
NFT2_2017,8/17/2017,Kick net,Larvae,7.8,Arcynopteryx compacta
NFT2_2017,8/17/2017,Kick net,Larvae,7.4,Brachycentrus americanus
NFT2_2017,8/17/2017,Kick net,Larvae,3.8,Acentrella
NFT2_2017,8/17/2017,Kick net,Larvae,4.4,Acentrella
NFT2_2017,8/17/2017,Kick net,Larvae,3.4,Acentrella
NFT2_2017,8/17/2017,Kick net,Larvae,4.6,Acentrella
NFT2_2017,8/17/2017,Kick net,Larvae,3.2,Acentrella
NFT2_2017,8/17/2017,Kick net,Larvae,3,Acentrella
NFT2_2017,8/17/2017,Kick net,Larvae,4.2,Acentrella
NFT2_2017,8/17/2017,Kick net,Larvae,2.6,Acentrella
NFT2_2017,8/17/2017,Kick net,Larvae,5.6,Acentrella
NFT2_2017,8/17/2017,Kick net,Larvae,4,Acentrella
NFT2_2017,8/17/2017,Kick net,Larvae,5,Acentrella
NFT2_2017,8/17/2017,Kick net,Larvae,5.4,Acentrella
NFT2_2017,8/17/2017,Kick net,Larvae,6.4,Helodon
NFT2_2017,8/17/2017,Kick net,Larvae,2.2,Chloroperlinae
NFT2_2017,8/17/2017,Kick net,Larvae,2.4,Chloroperlinae
NFT2_2017,8/17/2017,Kick net,Larvae,3.2,Chloroperlinae
NFT2_2017,8/17/2017,Kick net,Larvae,2.6,Chloroperlinae
SFT2_2017,8/17/2017,Kick net,Adult,9.2,Oligochaeta
SFT2_2017,8/17/2017,Kick net,Adult,5.2,Oligochaeta
SFT2_2017,8/17/2017,Kick net,Adult,1,Sperchon
SFT2_2017,8/17/2017,Kick net,Larvae,2.6,Orthocladiinae
SFT2_2017,8/17/2017,Kick net,Larvae,4.2,Simulium
SFT2_2017,8/17/2017,Kick net,Larvae,3.4,Simulium
SFT2_2017,8/17/2017,Kick net,Larvae,4,Simulium
SFT2_2017,8/17/2017,Kick net,Larvae,3.6,Simulium
SFT2_2017,8/17/2017,Kick net,Larvae,6.6,Tipula
SFT2_2017,8/17/2017,Kick net,Larvae,7,Tipula
SFT2_2017,8/17/2017,Kick net,Larvae,6,Tipula
SFT2_2017,8/17/2017,Kick net,Larvae,4.2,Baetis
SFT2_2017,8/17/2017,Kick net,Larvae,4.4,Baetis
SFT2_2017,8/17/2017,Kick net,Larvae,5,Baetis
SFT2_2017,8/17/2017,Kick net,Larvae,4,Baetis
SFT2_2017,8/17/2017,Kick net,Larvae,4.8,Baetis
SFT2_2017,8/17/2017,Kick net,Larvae,5.2,Baetis
SFT2_2017,8/17/2017,Kick net,Larvae,4.6,Baetis
SFT2_2017,8/17/2017,Kick net,Larvae,5.4,Baetis
SFT2_2017,8/17/2017,Kick net,Larvae,3.8,Baetis
SFT2_2017,8/17/2017,Kick net,Larvae,3.2,Baetis
SFT2_2017,8/17/2017,Kick net,Larvae,7.4,Cinygmula
SFT2_2017,8/17/2017,Kick net,Larvae,6.6,Cinygmula
SFT2_2017,8/17/2017,Kick net,Larvae,8.4,Cinygmula
SFT2_2017,8/17/2017,Kick net,Larvae,7,Cinygmula
SFT2_2017,8/17/2017,Kick net,Larvae,5.4,Cinygmula
SFT2_2017,8/17/2017,Kick net,Larvae,6.2,Cinygmula
SFT2_2017,8/17/2017,Kick net,Larvae,8.2,Arcynopteryx compacta
SFT2_2017,8/17/2017,Kick net,Larvae,12,Arcynopteryx compacta
SFT2_2017,8/17/2017,Kick net,Larvae,9,Arcynopteryx compacta
SFT2_2017,8/17/2017,Kick net,Larvae,8.6,Arcynopteryx compacta
SFT2_2017,8/17/2017,Kick net,Larvae,9.4,Arcynopteryx compacta
SFT2_2017,8/17/2017,Kick net,Larvae,4,Acentrella
SFT2_2017,8/17/2017,Kick net,Larvae,2.4,Acentrella
SFT2_2017,8/17/2017,Kick net,Larvae,3.2,Acentrella
SFT2_2017,8/17/2017,Kick net,Larvae,2.2,Acentrella
SFT2_2017,8/17/2017,Kick net,Larvae,2.8,Acentrella
SFT2_2017,8/17/2017,Kick net,Larvae,3,Acentrella
SFT2_2017,8/17/2017,Kick net,Larvae,3.4,Acentrella
SFT2_2017,8/17/2017,Kick net,Larvae,2.6,Acentrella
SFT2_2017,8/17/2017,Kick net,Larvae,4.2,Acentrella
SFT2_2017,8/17/2017,Kick net,Larvae,3.6,Acentrella
SFT1_2017,8/16/2017,Kick net,Larvae,4.8,Orthocladiinae
SFT1_2017,8/16/2017,Kick net,Larvae,18,Tipula
SFT1_2017,8/16/2017,Kick net,Larvae,17.2,Tipula
SFT1_2017,8/16/2017,Kick net,Larvae,4.2,Baetis
SFT1_2017,8/16/2017,Kick net,Larvae,3.4,Baetis
SFT1_2017,8/16/2017,Kick net,Larvae,6.4,Epeorus
SFT1_2017,8/16/2017,Kick net,Larvae,5,Epeorus
SFT1_2017,8/16/2017,Kick net,Larvae,4.4,Ameletus
SFT1_2017,8/16/2017,Kick net,Larvae,4.4,Acentrella
SFT1_2017,8/16/2017,Kick net,Larvae,4.2,Acentrella
SFT1_2017,8/16/2017,Kick net,Larvae,3.2,Acentrella
SFT1_2017,8/16/2017,Kick net,Larvae,4.4,Chloroperlinae
SFT1_2017,8/16/2017,Kick net,Larvae,3,Chloroperlinae
SFT1_2017,8/16/2017,Kick net,Larvae,6.2,Chloroperlinae
SFT1_2017,8/16/2017,Kick net,Larvae,4.8,Chloroperlinae
IRT2_2017,8/20/2017,Kick net,Adult,4,Oligochaeta
IRT2_2017,8/20/2017,Kick net,Adult,6.4,Oligochaeta
IRT2_2017,8/20/2017,Kick net,Adult,1.2,Hygrobatidae
IRT2_2017,8/20/2017,Kick net,Pupae,4.4,Chironomidae
IRT2_2017,8/20/2017,Kick net,Larvae,5.4,Chironominae
IRT2_2017,8/20/2017,Kick net,Larvae,2.4,Chironominae
IRT2_2017,8/20/2017,Kick net,Larvae,3.4,Chironominae
IRT2_2017,8/20/2017,Kick net,Larvae,1.8,Chironominae
IRT2_2017,8/20/2017,Kick net,Larvae,1.6,Chironominae
IRT2_2017,8/20/2017,Kick net,Larvae,2,Chironominae
IRT2_2017,8/20/2017,Kick net,Larvae,3.2,Chironominae
IRT2_2017,8/20/2017,Kick net,Larvae,1.2,Chironominae
IRT2_2017,8/20/2017,Kick net,Larvae,1.4,Chironominae
IRT2_2017,8/20/2017,Kick net,Larvae,2.2,Chironominae
IRT2_2017,8/20/2017,Kick net,Larvae,2.8,Chironominae
IRT2_2017,8/20/2017,Kick net,Larvae,4.4,Orthocladiinae
IRT2_2017,8/20/2017,Kick net,Larvae,6.4,Orthocladiinae
IRT2_2017,8/20/2017,Kick net,Larvae,4,Orthocladiinae
IRT2_2017,8/20/2017,Kick net,Larvae,1.4,Orthocladiinae
IRT2_2017,8/20/2017,Kick net,Larvae,3.6,Orthocladiinae
IRT2_2017,8/20/2017,Kick net,Larvae,1.8,Orthocladiinae
IRT2_2017,8/20/2017,Kick net,Larvae,3,Orthocladiinae
IRT2_2017,8/20/2017,Kick net,Larvae,2,Orthocladiinae
IRT2_2017,8/20/2017,Kick net,Larvae,2.2,Orthocladiinae
IRT2_2017,8/20/2017,Kick net,Larvae,3.4,Orthocladiinae
IRT2_2017,8/20/2017,Kick net,Larvae,3.2,Orthocladiinae
IRT2_2017,8/20/2017,Kick net,Larvae,4.2,Orthocladiinae
IRT2_2017,8/20/2017,Kick net,Larvae,2.6,Orthocladiinae
IRT2_2017,8/20/2017,Kick net,Larvae,5.4,Orthocladiinae
IRT2_2017,8/20/2017,Kick net,Larvae,2,Tanypodinae
IRT2_2017,8/20/2017,Kick net,Larvae,5.4,Tanypodinae
IRT2_2017,8/20/2017,Kick net,Larvae,4.4,Tanypodinae
IRT2_2017,8/20/2017,Kick net,Larvae,30.4,Tipula
IRT2_2017,8/20/2017,Kick net,Larvae,18.8,Tipula
IRT2_2017,8/20/2017,Kick net,Larvae,7.2,Tipula
IRT2_2017,8/20/2017,Kick net,Larvae,7,Tipula
IRT2_2017,8/20/2017,Kick net,Larvae,5.6,Tipula
IRT2_2017,8/20/2017,Kick net,Larvae,5.4,Tipula
IRT2_2017,8/20/2017,Kick net,Larvae,9.2,Tipula
IRT2_2017,8/20/2017,Kick net,Larvae,19.2,Tipula
IRT2_2017,8/20/2017,Kick net,Larvae,4,Ephemerellidae
IRT2_2017,8/20/2017,Kick net,Larvae,7.6,Rhithrogena
IRT2_2017,8/20/2017,Kick net,Larvae,2.4,Nemouridae
IRT2_2017,8/20/2017,Kick net,Larvae,2,Nemouridae
IRT2_2017,8/20/2017,Kick net,Larvae,5,Nemouridae
IRT2_2017,8/20/2017,Kick net,Larvae,3,Nemouridae
IRT2_2017,8/20/2017,Kick net,Larvae,5.2,Nemouridae
IRT2_2017,8/20/2017,Kick net,Larvae,4.6,Agraylea
IRT2_2017,8/20/2017,Kick net,Larvae,6,Rhyacophila
IRT2_2017,8/20/2017,Kick net,Adult,1.8,Physa
IRT2_2017,8/20/2017,Kick net,Adult,1,Valvata
IRT2_2017,8/20/2017,Kick net,Adult,1.4,Valvata
IRT2_2017,8/20/2017,Kick net,Adult,2,Valvata
IRT2_2017,8/20/2017,Kick net,Adult,2.8,Valvata
IRT1_2017,8/20/2017,Kick net,Adult,5.6,Oligochaeta
IRT1_2017,8/20/2017,Kick net,Adult,6,Oligochaeta
IRT1_2017,8/20/2017,Kick net,Adult,9,Oligochaeta
IRT1_2017,8/20/2017,Kick net,Adult,12.2,Oligochaeta
IRT1_2017,8/20/2017,Kick net,Adult,3.6,Oligochaeta
IRT1_2017,8/20/2017,Kick net,Adult,4.6,Oligochaeta
IRT1_2017,8/20/2017,Kick net,Adult,5,Oligochaeta
IRT1_2017,8/20/2017,Kick net,Adult,5.4,Oligochaeta
IRT1_2017,8/20/2017,Kick net,Adult,1.2,Hygrobatidae
IRT1_2017,8/20/2017,Kick net,Adult,1.6,Hygrobatidae
IRT1_2017,8/20/2017,Kick net,Adult,1.4,Lebertia
IRT1_2017,8/20/2017,Kick net,Adult,0.8,Lebertia
IRT1_2017,8/20/2017,Kick net,Adult,1.4,Sperchon
IRT1_2017,8/20/2017,Kick net,Pupae,3.4,Chironomidae
IRT1_2017,8/20/2017,Kick net,Larvae,4,Orthocladiinae
IRT1_2017,8/20/2017,Kick net,Larvae,3.8,Orthocladiinae
IRT1_2017,8/20/2017,Kick net,Larvae,6.8,Orthocladiinae
IRT1_2017,8/20/2017,Kick net,Larvae,4.2,Tanypodinae
IRT1_2017,8/20/2017,Kick net,Larvae,7,Chelifera
IRT1_2017,8/20/2017,Kick net,Larvae,5.6,Chelifera
IRT1_2017,8/20/2017,Kick net,Larvae,2.8,Clinocera
IRT1_2017,8/20/2017,Kick net,Larvae,4,Simulium
IRT1_2017,8/20/2017,Kick net,Larvae,3.2,Simulium
IRT1_2017,8/20/2017,Kick net,Larvae,4.2,Simulium
IRT1_2017,8/20/2017,Kick net,Larvae,3.4,Simulium
IRT1_2017,8/20/2017,Kick net,Larvae,4.4,Simulium
IRT1_2017,8/20/2017,Kick net,Larvae,3.8,Simulium
IRT1_2017,8/20/2017,Kick net,Larvae,4.6,Simulium
IRT1_2017,8/20/2017,Kick net,Larvae,3.6,Simulium
IRT1_2017,8/20/2017,Kick net,Larvae,5,Simulium
IRT1_2017,8/20/2017,Kick net,Larvae,10.4,Dicranota
IRT1_2017,8/20/2017,Kick net,Larvae,25.6,Tipula
IRT1_2017,8/20/2017,Kick net,Larvae,31,Tipula
IRT1_2017,8/20/2017,Kick net,Larvae,9,Tipula
IRT1_2017,8/20/2017,Kick net,Larvae,8.2,Tipula
IRT1_2017,8/20/2017,Kick net,Larvae,8.6,Tipula
IRT1_2017,8/20/2017,Kick net,Larvae,5.4,Baetis
IRT1_2017,8/20/2017,Kick net,Larvae,3.4,Capniidae
IRT1_2017,8/20/2017,Kick net,Larvae,5.6,Capniidae
IRT1_2017,8/20/2017,Kick net,Larvae,6.4,Capniidae
IRT1_2017,8/20/2017,Kick net,Larvae,5.8,Capniidae
IRT1_2017,8/20/2017,Kick net,Larvae,3,Capniidae
IRT1_2017,8/20/2017,Kick net,Larvae,4.2,Capniidae
IRT1_2017,8/20/2017,Kick net,Larvae,2.6,Capniidae
IRT1_2017,8/20/2017,Kick net,Larvae,4.4,Capniidae
IRT1_2017,8/20/2017,Kick net,Larvae,4.4,Nemouridae
IRT1_2017,8/20/2017,Kick net,Larvae,3.4,Nemouridae
IRT1_2017,8/20/2017,Kick net,Larvae,3.8,Nemouridae
IRT1_2017,8/20/2017,Kick net,Larvae,3.2,Nemouridae
IRT1_2017,8/20/2017,Kick net,Larvae,3.6,Nemouridae
IRT1_2017,8/20/2017,Kick net,Larvae,2,Nemouridae
IRT1_2017,8/20/2017,Kick net,Larvae,4.2,Nemouridae
IRT1_2017,8/20/2017,Kick net,Larvae,4.6,Nemouridae
IRT1_2017,8/20/2017,Kick net,Larvae,3,Nemouridae
IRT1_2017,8/20/2017,Kick net,Larvae,4,Nemouridae
IRT1_2017,8/20/2017,Kick net,Larvae,10.6,Arcynopteryx compacta
IRT1_2017,8/20/2017,Kick net,Larvae,9.8,Arcynopteryx compacta
IRT1_2017,8/20/2017,Kick net,Larvae,6.4,Brachycentrus americanus
IRT1_2017,8/20/2017,Kick net,Larvae,5,Acentrella
IRT1_2017,8/20/2017,Kick net,Larvae,4.6,Acentrella
IRT1_2017,8/20/2017,Kick net,Larvae,2.6,Acentrella
IRT1_2017,8/20/2017,Kick net,Larvae,4,Chloroperlinae
CRT2_2017,8/21/2017,Kick net,Adult,0.8,Lebertia
CRT2_2017,8/21/2017,Kick net,Adult,1,Lebertia
CRT2_2017,8/21/2017,Kick net,Larvae,4.2,Ceratopogonidae
CRT2_2017,8/21/2017,Kick net,Larvae,2,Chironominae
CRT2_2017,8/21/2017,Kick net,Larvae,1.6,Chironominae
CRT2_2017,8/21/2017,Kick net,Larvae,1.4,Chironominae
CRT2_2017,8/21/2017,Kick net,Larvae,2.2,Chironominae
CRT2_2017,8/21/2017,Kick net,Larvae,4.2,Orthocladiinae
CRT2_2017,8/21/2017,Kick net,Larvae,3.6,Orthocladiinae
CRT2_2017,8/21/2017,Kick net,Larvae,3.4,Orthocladiinae
CRT2_2017,8/21/2017,Kick net,Larvae,5,Orthocladiinae
CRT2_2017,8/21/2017,Kick net,Larvae,4,Orthocladiinae
CRT2_2017,8/21/2017,Kick net,Larvae,3.2,Orthocladiinae
CRT2_2017,8/21/2017,Kick net,Larvae,4.4,Orthocladiinae
CRT2_2017,8/21/2017,Kick net,Larvae,3.8,Orthocladiinae
CRT2_2017,8/21/2017,Kick net,Larvae,4,Tanypodinae
CRT2_2017,8/21/2017,Kick net,Larvae,3,Chelifera
CRT2_2017,8/21/2017,Kick net,Larvae,4.4,Chelifera
CRT2_2017,8/21/2017,Kick net,Larvae,6,Chelifera
CRT2_2017,8/21/2017,Kick net,Larvae,6.2,Chelifera
CRT2_2017,8/21/2017,Kick net,Larvae,5.4,Chelifera
CRT2_2017,8/21/2017,Kick net,Pupae,3.4,Simuliidae
CRT2_2017,8/21/2017,Kick net,Larvae,7.8,Tipula
CRT2_2017,8/21/2017,Kick net,Larvae,4,Ephemerellidae
CRT2_2017,8/21/2017,Kick net,Larvae,3,Ephemerellidae
CRT2_2017,8/21/2017,Kick net,Larvae,2.4,Heptageniidae
CRT2_2017,8/21/2017,Kick net,Larvae,2.4,Nemouridae
CRT2_2017,8/21/2017,Kick net,Larvae,11.4,Arcynopteryx compacta
CRT1_2017,8/21/2017,Kick net,Adult,1,Lebertia
CRT1_2017,8/21/2017,Kick net,Adult,1.4,Lebertia
CRT1_2017,8/21/2017,Kick net,Adult,1.2,Lebertia
CRT1_2017,8/21/2017,Kick net,Adult,1.4,Sperchon
CRT1_2017,8/21/2017,Kick net,Adult,1,Sperchon
CRT1_2017,8/21/2017,Kick net,Adult,1.6,Sperchon
CRT1_2017,8/21/2017,Kick net,Pupae,4,Chironomidae
CRT1_2017,8/21/2017,Kick net,Larvae,4,Chironominae
CRT1_2017,8/21/2017,Kick net,Larvae,2,Chironominae
CRT1_2017,8/21/2017,Kick net,Larvae,3.8,Chironominae
CRT1_2017,8/21/2017,Kick net,Larvae,4.6,Orthocladiinae
CRT1_2017,8/21/2017,Kick net,Larvae,4.4,Orthocladiinae
CRT1_2017,8/21/2017,Kick net,Larvae,3,Orthocladiinae
CRT1_2017,8/21/2017,Kick net,Larvae,1.2,Orthocladiinae
CRT1_2017,8/21/2017,Kick net,Larvae,4,Orthocladiinae
CRT1_2017,8/21/2017,Kick net,Larvae,4,Tanypodinae
CRT1_2017,8/21/2017,Kick net,Larvae,3.6,Tanypodinae
CRT1_2017,8/21/2017,Kick net,Larvae,8.2,Tanypodinae
CRT1_2017,8/21/2017,Kick net,Larvae,7.4,Tanypodinae
CRT1_2017,8/21/2017,Kick net,Pupae,4.4,Empididae
CRT1_2017,8/21/2017,Kick net,Larvae,5.6,Chelifera
CRT1_2017,8/21/2017,Kick net,Larvae,3.8,Simulium
CRT1_2017,8/21/2017,Kick net,Larvae,8.2,Tipula
CRT1_2017,8/21/2017,Kick net,Larvae,4.8,Nemouridae
CRT1_2017,8/21/2017,Kick net,Larvae,3.6,Micrasema
CRT1_2017,8/21/2017,Kick net,Adult,3.4,Physa
CRT1_2017,8/21/2017,Kick net,Adult,1,Valvata
CRT1_2017,8/21/2017,Kick net,Adult,2.2,Valvata
CRT1_2017,8/21/2017,Kick net,Adult,1.6,Valvata
CRT1_2017,8/21/2017,Kick net,Adult,1.8,Valvata
CRT1_2017,8/21/2017,Kick net,Adult,4.4,Valvata
CRT1_2017,8/21/2017,Kick net,Adult,2,Valvata
CRT1_2017,8/21/2017,Kick net,Adult,2.4,Valvata
CRT1_2017,8/21/2017,Kick net,Adult,3,Valvata
CRT1_2017,8/21/2017,Kick net,Adult,2.6,Valvata
CRT1_2017,8/21/2017,Kick net,Adult,1.4,Valvata
CRT1_2017,8/21/2017,Kick net,Adult,3.8,Valvata
CRT1_2017,8/21/2017,Kick net,Adult,3.6,Valvata
CRT1_2017,8/21/2017,Kick net,Adult,3.2,Valvata
CRT1_2017,8/21/2017,Kick net,Adult,1.2,Valvata
CRT1_2017,8/21/2017,Kick net,Adult,2.4,Gyraulus
CRT1_2017,8/21/2017,Kick net,Adult,3,Gyraulus
CRT1_2017,8/21/2017,Kick net,Adult,2.2,Gyraulus
CRT1_2017,8/21/2017,Kick net,Adult,2.6,Gyraulus
CRT1_2017,8/21/2017,Kick net,Adult,4.2,Gyraulus
CRT1_2017,8/21/2017,Kick net,Adult,5,Gyraulus
CRT1_2017,8/21/2017,Kick net,Adult,3.4,Gyraulus
CRT1_2017,8/21/2017,Kick net,Adult,3,Pisidium
CRT1_2017,8/21/2017,Kick net,Larvae,3.4,Dasyhelea
ART3_2017,8/23/2017,Kick net,Larvae,5.6,Chironominae
ART3_2017,8/23/2017,Kick net,Larvae,6,Chironominae
ART3_2017,8/23/2017,Kick net,Larvae,6.4,Chironominae
ART3_2017,8/23/2017,Kick net,Larvae,5,Chironominae
ART3_2017,8/23/2017,Kick net,Larvae,4,Chironominae
ART3_2017,8/23/2017,Kick net,Larvae,4.2,Chironominae
ART3_2017,8/23/2017,Kick net,Larvae,4.8,Chironominae
ART3_2017,8/23/2017,Kick net,Larvae,3.2,Chironominae
ART3_2017,8/23/2017,Kick net,Larvae,5.8,Chironominae
ART3_2017,8/23/2017,Kick net,Larvae,2.2,Chironominae
ART3_2017,8/23/2017,Kick net,Larvae,5.4,Chironominae
ART3_2017,8/23/2017,Kick net,Larvae,6.8,Chironominae
ART3_2017,8/23/2017,Kick net,Larvae,4.6,Chironominae
ART3_2017,8/23/2017,Kick net,Larvae,1.6,Chironominae
ART3_2017,8/23/2017,Kick net,Larvae,2.4,Chironominae
ART3_2017,8/23/2017,Kick net,Larvae,3,Chironominae
ART3_2017,8/23/2017,Kick net,Larvae,6.2,Chironominae
ART3_2017,8/23/2017,Kick net,Larvae,5.2,Chironominae
ART3_2017,8/23/2017,Kick net,Larvae,4.4,Chironominae
ART3_2017,8/23/2017,Kick net,Larvae,3.8,Chironominae
ART3_2017,8/23/2017,Kick net,Larvae,8.4,Chironominae
ART3_2017,8/23/2017,Kick net,Larvae,1.2,Chironominae
ART3_2017,8/23/2017,Kick net,Larvae,3,Orthocladiinae
ART3_2017,8/23/2017,Kick net,Larvae,3.4,Tanypodinae
ART3_2017,8/23/2017,Kick net,Larvae,2.6,Tanypodinae
ART3_2017,8/23/2017,Kick net,Larvae,6.6,Tabanus
ART3_2017,8/23/2017,Kick net,Larvae,35,Tipula
ART3_2017,8/23/2017,Kick net,Larvae,2.4,Hydroptilidae
ART3_2017,8/23/2017,Kick net,Larvae,1.6,Leptoceridae
ART3_2017,8/23/2017,Kick net,Larvae,2.6,Leptoceridae
ART3_2017,8/23/2017,Kick net,Larvae,3,Leptoceridae
ART3_2017,8/23/2017,Kick net,Larvae,2,Leptoceridae
ART3_2017,8/23/2017,Kick net,Adult,1.4,Gastropoda
ART3_2017,8/23/2017,Kick net,Adult,2.4,Gastropoda
ART3_2017,8/23/2017,Kick net,Adult,1.6,Valvata
ART3_2017,8/23/2017,Kick net,Adult,4,Valvata
ART3_2017,8/23/2017,Kick net,Adult,6,Gyraulus
ART3_2017,8/23/2017,Kick net,Adult,8,Pisidium
ART3_2017,8/23/2017,Kick net,Adult,4,Pisidium
ART3_2017,8/23/2017,Kick net,Larvae,6.8,Probezzia
ART3_2017,8/23/2017,Kick net,Larvae,8.4,Probezzia
ART3_2017,8/23/2017,Kick net,Larvae,10,Probezzia
ART3_2017,8/23/2017,Kick net,Larvae,6,Probezzia
ART3_2017,8/23/2017,Kick net,Larvae,4,Probezzia
ART3_2017,8/23/2017,Kick net,Larvae,7.8,Probezzia
ART3_2017,8/23/2017,Kick net,Larvae,5,Probezzia
ART3_2017,8/23/2017,Kick net,Adult,5.4,Lymnaea
ART2_2017,8/22/2017,Kick net,Adult,5,Oligochaeta
ART2_2017,8/22/2017,Kick net,Adult,4.2,Oligochaeta
ART2_2017,8/22/2017,Kick net,Adult,6.4,Oligochaeta
ART2_2017,8/22/2017,Kick net,Adult,4.8,Oligochaeta
ART2_2017,8/22/2017,Kick net,Adult,5.4,Oligochaeta
ART2_2017,8/22/2017,Kick net,Adult,6.6,Oligochaeta
ART2_2017,8/22/2017,Kick net,Adult,1.2,Sperchon
ART2_2017,8/22/2017,Kick net,Adult,1.4,Sperchon
ART2_2017,8/22/2017,Kick net,Adult,1,Sperchon
ART2_2017,8/22/2017,Kick net,Larvae,5,Diptera
ART2_2017,8/22/2017,Kick net,Pupae,3.6,Chironomidae
ART2_2017,8/22/2017,Kick net,Pupae,3.4,Chironomidae
ART2_2017,8/22/2017,Kick net,Pupae,4,Chironomidae
ART2_2017,8/22/2017,Kick net,Larvae,4.6,Orthocladiinae
ART2_2017,8/22/2017,Kick net,Larvae,7,Tipula
ART2_2017,8/22/2017,Kick net,Larvae,7.4,Tipula
ART2_2017,8/22/2017,Kick net,Larvae,6.2,Tipula
ART2_2017,8/22/2017,Kick net,Larvae,4,Baetis
ART2_2017,8/22/2017,Kick net,Larvae,5,Baetis
ART2_2017,8/22/2017,Kick net,Larvae,3.4,Baetis
ART2_2017,8/22/2017,Kick net,Larvae,2.2,Heptageniidae
ART2_2017,8/22/2017,Kick net,Larvae,7.6,Cinygmula
ART2_2017,8/22/2017,Kick net,Larvae,6.6,Cinygmula
ART2_2017,8/22/2017,Kick net,Larvae,7.4,Cinygmula
ART2_2017,8/22/2017,Kick net,Larvae,6,Cinygmula
ART2_2017,8/22/2017,Kick net,Larvae,7.2,Cinygmula
ART2_2017,8/22/2017,Kick net,Larvae,6,Epeorus
ART2_2017,8/22/2017,Kick net,Larvae,6.4,Epeorus
ART2_2017,8/22/2017,Kick net,Larvae,5,Epeorus
ART2_2017,8/22/2017,Kick net,Larvae,4.4,Epeorus
ART2_2017,8/22/2017,Kick net,Larvae,5.8,Epeorus
ART2_2017,8/22/2017,Kick net,Larvae,5.4,Epeorus
ART2_2017,8/22/2017,Kick net,Larvae,5.2,Epeorus
ART2_2017,8/22/2017,Kick net,Larvae,4.8,Epeorus
ART2_2017,8/22/2017,Kick net,Larvae,7,Epeorus
ART2_2017,8/22/2017,Kick net,Larvae,3.4,Epeorus
ART2_2017,8/22/2017,Kick net,Larvae,6.6,Epeorus
ART2_2017,8/22/2017,Kick net,Larvae,4.6,Epeorus
ART2_2017,8/22/2017,Kick net,Larvae,2.8,Capniidae
ART2_2017,8/22/2017,Kick net,Larvae,5.6,Capniidae
ART2_2017,8/22/2017,Kick net,Larvae,4,Podmosta
ART2_2017,8/22/2017,Kick net,Larvae,4.2,Podmosta
ART2_2017,8/22/2017,Kick net,Larvae,3.4,Podmosta
ART2_2017,8/22/2017,Kick net,Larvae,3,Podmosta
ART2_2017,8/22/2017,Kick net,Larvae,3.2,Podmosta
ART2_2017,8/22/2017,Kick net,Larvae,3.8,Podmosta
ART2_2017,8/22/2017,Kick net,Larvae,5,Podmosta
ART2_2017,8/22/2017,Kick net,Larvae,5.8,Podmosta
ART2_2017,8/22/2017,Kick net,Larvae,4.4,Podmosta
ART2_2017,8/22/2017,Kick net,Larvae,3.6,Podmosta
ART2_2017,8/22/2017,Kick net,Larvae,2.2,Podmosta
ART2_2017,8/22/2017,Kick net,Larvae,2.4,Podmosta
ART2_2017,8/22/2017,Kick net,Larvae,2.6,Podmosta
ART2_2017,8/22/2017,Kick net,Larvae,2.4,Acentrella
ART2_2017,8/22/2017,Kick net,Larvae,6.2,Helodon
ART2_2017,8/22/2017,Kick net,Larvae,7,Helodon
ART2_2017,8/22/2017,Kick net,Larvae,4.4,Helodon
ART2_2017,8/22/2017,Kick net,Larvae,5.8,Helodon
ART2_2017,8/22/2017,Kick net,Larvae,4.8,Helodon
ART2_2017,8/22/2017,Kick net,Larvae,5.4,Helodon
ART2_2017,8/22/2017,Kick net,Larvae,6.4,Helodon
ART1_2017,8/22/2017,Kick net,Adult,0.6,Trombidiformes
ART1_2017,8/22/2017,Kick net,Adult,0.8,Trombidiformes
ART1_2017,8/22/2017,Kick net,Adult,1,Trombidiformes
ART1_2017,8/22/2017,Kick net,Adult,1.4,Lebertia
ART1_2017,8/22/2017,Kick net,Adult,1.4,Sperchon
ART1_2017,8/22/2017,Kick net,Larvae,1.6,Chironominae
ART1_2017,8/22/2017,Kick net,Larvae,2,Chironominae
ART1_2017,8/22/2017,Kick net,Larvae,2,Orthocladiinae
ART1_2017,8/22/2017,Kick net,Larvae,2.6,Orthocladiinae
ART1_2017,8/22/2017,Kick net,Larvae,4.4,Orthocladiinae
ART1_2017,8/22/2017,Kick net,Larvae,5.8,Orthocladiinae
ART1_2017,8/22/2017,Kick net,Larvae,2.2,Orthocladiinae
ART1_2017,8/22/2017,Kick net,Larvae,3,Orthocladiinae
ART1_2017,8/22/2017,Kick net,Larvae,4.6,Orthocladiinae
ART1_2017,8/22/2017,Kick net,Larvae,7,Orthocladiinae
ART1_2017,8/22/2017,Kick net,Larvae,3.4,Orthocladiinae
ART1_2017,8/22/2017,Kick net,Larvae,4,Orthocladiinae
ART1_2017,8/22/2017,Kick net,Larvae,4.2,Orthocladiinae
ART1_2017,8/22/2017,Kick net,Larvae,5,Orthocladiinae
ART1_2017,8/22/2017,Kick net,Larvae,3.6,Orthocladiinae
ART1_2017,8/22/2017,Kick net,Larvae,4,Clinocera
ART1_2017,8/22/2017,Kick net,Larvae,4,Pericoma
ART1_2017,8/22/2017,Kick net,Larvae,3.8,Pericoma
ART1_2017,8/22/2017,Kick net,Larvae,4.6,Pericoma
ART1_2017,8/22/2017,Kick net,Larvae,3,Pericoma
ART1_2017,8/22/2017,Kick net,Larvae,2.6,Pericoma
ART1_2017,8/22/2017,Kick net,Larvae,7.2,Pericoma
ART1_2017,8/22/2017,Kick net,Larvae,2,Simulium
ART1_2017,8/22/2017,Kick net,Larvae,2.4,Simulium
ART1_2017,8/22/2017,Kick net,Larvae,20.8,Tipula
ART1_2017,8/22/2017,Kick net,Larvae,28,Tipula
ART1_2017,8/22/2017,Kick net,Larvae,35.6,Tipula
ART1_2017,8/22/2017,Kick net,Larvae,7.8,Tipula
ART1_2017,8/22/2017,Kick net,Larvae,9.8,Tipula
ART1_2017,8/22/2017,Kick net,Larvae,1.8,Drunella doddsii
ART1_2017,8/22/2017,Kick net,Larvae,2,Drunella doddsii
ART1_2017,8/22/2017,Kick net,Larvae,2.4,Heptageniidae
ART1_2017,8/22/2017,Kick net,Larvae,3,Heptageniidae
ART1_2017,8/22/2017,Kick net,Larvae,2,Heptageniidae
ART1_2017,8/22/2017,Kick net,Larvae,1.8,Heptageniidae
ART1_2017,8/22/2017,Kick net,Larvae,2.2,Heptageniidae
ART1_2017,8/22/2017,Kick net,Larvae,2.8,Heptageniidae
ART1_2017,8/22/2017,Kick net,Larvae,7.4,Cinygmula
ART1_2017,8/22/2017,Kick net,Larvae,7.2,Cinygmula
ART1_2017,8/22/2017,Kick net,Larvae,5,Epeorus
ART1_2017,8/22/2017,Kick net,Larvae,6,Epeorus
ART1_2017,8/22/2017,Kick net,Larvae,6.4,Epeorus
ART1_2017,8/22/2017,Kick net,Larvae,3.2,Epeorus
ART1_2017,8/22/2017,Kick net,Larvae,6.6,Epeorus
ART1_2017,8/22/2017,Kick net,Larvae,5.4,Epeorus
ART1_2017,8/22/2017,Kick net,Larvae,5.8,Epeorus
ART1_2017,8/22/2017,Kick net,Larvae,5.6,Epeorus
ART1_2017,8/22/2017,Kick net,Larvae,6.2,Epeorus
ART1_2017,8/22/2017,Kick net,Larvae,4.6,Epeorus
ART1_2017,8/22/2017,Kick net,Larvae,1.2,Plecoptera
ART1_2017,8/22/2017,Kick net,Larvae,3.2,Capniidae
ART1_2017,8/22/2017,Kick net,Larvae,2.6,Capniidae
ART1_2017,8/22/2017,Kick net,Larvae,3,Capniidae
ART1_2017,8/22/2017,Kick net,Larvae,3.4,Capniidae
ART1_2017,8/22/2017,Kick net,Larvae,1.6,Capniidae
ART1_2017,8/22/2017,Kick net,Larvae,3.4,Podmosta
ART1_2017,8/22/2017,Kick net,Larvae,4.8,Podmosta
ART1_2017,8/22/2017,Kick net,Larvae,6.8,Podmosta
ART1_2017,8/22/2017,Kick net,Larvae,6.6,Podmosta
ART1_2017,8/22/2017,Kick net,Larvae,5,Podmosta
ART1_2017,8/22/2017,Kick net,Larvae,3.6,Podmosta
ART1_2017,8/22/2017,Kick net,Larvae,3,Podmosta
ART1_2017,8/22/2017,Kick net,Larvae,5.6,Podmosta
ART1_2017,8/22/2017,Kick net,Larvae,4.2,Podmosta
ART1_2017,8/22/2017,Kick net,Larvae,4,Podmosta
ART1_2017,8/22/2017,Kick net,Larvae,2.8,Podmosta
ART1_2017,8/22/2017,Kick net,Larvae,2.4,Podmosta
ART1_2017,8/22/2017,Kick net,Larvae,5.4,Podmosta
ART1_2017,8/22/2017,Kick net,Larvae,4.6,Podmosta
ART1_2017,8/22/2017,Kick net,Larvae,2.8,Zapada
ART1_2017,8/22/2017,Kick net,Larvae,1.6,Zapada
ART1_2017,8/22/2017,Kick net,Larvae,7,Limnephilidae
ART1_2017,8/22/2017,Kick net,Larvae,2,Limnephilidae
ART1_2017,8/22/2017,Kick net,Larvae,4.6,Apatania
ART1_2017,8/22/2017,Kick net,Larvae,8.6,Arcynopteryx compacta
ART1_2017,8/22/2017,Kick net,Larvae,5,Arcynopteryx compacta
ART1_2017,8/22/2017,Kick net,Larvae,3.4,Acentrella
ART1_2017,8/22/2017,Kick net,Larvae,4.4,Helodon
ART1_2017,8/22/2017,Kick net,Larvae,5.6,Helodon
ART1_2017,8/22/2017,Kick net,Larvae,5,Helodon
ART1_2017,8/22/2017,Kick net,Larvae,4.6,Helodon
ART1_2017,8/22/2017,Kick net,Larvae,6.4,Helodon
ART1_2017,8/22/2017,Kick net,Larvae,6,Helodon
ART1_2017,8/22/2017,Kick net,Larvae,4,Helodon
ART1_2017,8/22/2017,Kick net,Larvae,5.2,Helodon
ART1_2017,8/22/2017,Kick net,Larvae,6.2,Helodon
ART1_2017,8/22/2017,Kick net,Larvae,7,Helodon
ART1_2017,8/22/2017,Kick net,Larvae,5.4,Helodon
ART1_2017,8/22/2017,Kick net,Larvae,7.6,Chloroperlinae
HRT2_2017,8/23/2017,Kick net,Adult,3.6,Oligochaeta
HRT2_2017,8/23/2017,Kick net,Adult,0.8,Lebertia
HRT2_2017,8/23/2017,Kick net,Adult,1,Lebertia
HRT2_2017,8/23/2017,Kick net,Larvae,11.8,Chironominae
HRT2_2017,8/23/2017,Kick net,Larvae,2,Chironominae
HRT2_2017,8/23/2017,Kick net,Larvae,3.6,Chironominae
HRT2_2017,8/23/2017,Kick net,Larvae,6,Chironominae
HRT2_2017,8/23/2017,Kick net,Larvae,3.2,Chironominae
HRT2_2017,8/23/2017,Kick net,Larvae,1.8,Chironominae
HRT2_2017,8/23/2017,Kick net,Larvae,1.6,Chironominae
HRT2_2017,8/23/2017,Kick net,Larvae,8.6,Chironominae
HRT2_2017,8/23/2017,Kick net,Larvae,10.2,Chironominae
HRT2_2017,8/23/2017,Kick net,Larvae,6.6,Chironominae
HRT2_2017,8/23/2017,Kick net,Larvae,4.4,Chironominae
HRT2_2017,8/23/2017,Kick net,Larvae,5,Chironominae
HRT2_2017,8/23/2017,Kick net,Larvae,8.8,Chironominae
HRT2_2017,8/23/2017,Kick net,Larvae,4.2,Chironominae
HRT2_2017,8/23/2017,Kick net,Larvae,3.2,Orthocladiinae
HRT2_2017,8/23/2017,Kick net,Larvae,7.2,Orthocladiinae
HRT2_2017,8/23/2017,Kick net,Larvae,7.4,Dicranota
HRT2_2017,8/23/2017,Kick net,Adult,3,Valvata
HRT2_2017,8/23/2017,Kick net,Adult,4,Valvata
HRT2_2017,8/23/2017,Kick net,Adult,2.4,Valvata
HRT2_2017,8/23/2017,Kick net,Adult,2.2,Valvata
HRT2_2017,8/23/2017,Kick net,Adult,2,Valvata
HRT2_2017,8/23/2017,Kick net,Adult,3.4,Valvata
HRT2_2017,8/23/2017,Kick net,Adult,1.6,Valvata
HRT2_2017,8/23/2017,Kick net,Adult,1.2,Valvata
HRT2_2017,8/23/2017,Kick net,Adult,2.8,Valvata
HRT2_2017,8/23/2017,Kick net,Adult,5,Valvata
HRT2_2017,8/23/2017,Kick net,Adult,3.6,Valvata
HRT2_2017,8/23/2017,Kick net,Adult,4.6,Valvata
HRT2_2017,8/23/2017,Kick net,Adult,3.8,Valvata
HRT2_2017,8/23/2017,Kick net,Adult,3.2,Valvata
HRT2_2017,8/23/2017,Kick net,Adult,4.2,Valvata
HRT2_2017,8/23/2017,Kick net,Adult,2.6,Valvata
HRT2_2017,8/23/2017,Kick net,Adult,1.6,Pisidium
HRT2_2017,8/23/2017,Kick net,Adult,2,Pisidium
HRT2_2017,8/23/2017,Kick net,Adult,1,Pisidium
HRT2_2017,8/23/2017,Kick net,Adult,1.2,Pisidium
HRT2_2017,8/23/2017,Kick net,Adult,3,Pisidium
HRT2_2017,8/23/2017,Kick net,Adult,2.2,Pisidium
HRT2_2017,8/23/2017,Kick net,Adult,2.4,Pisidium
HRT2_2017,8/23/2017,Kick net,Adult,1.4,Pisidium
HRT2_2017,8/23/2017,Kick net,Larvae,6.2,Probezzia
HRT2_2017,8/23/2017,Kick net,Larvae,5.4,Probezzia
HRT2_2017,8/23/2017,Kick net,Larvae,6.4,Probezzia
HRT2_2017,8/23/2017,Kick net,Larvae,7.6,Probezzia
SFT4_2017,8/16/2017,Kick net,Adult,1.2,Hygrobatidae
SFT4_2017,8/16/2017,Kick net,Adult,1,Hygrobatidae
SFT4_2017,8/16/2017,Kick net,Adult,1,Lebertia
SFT4_2017,8/16/2017,Kick net,Adult,1,Sperchon
SFT4_2017,8/16/2017,Kick net,Adult,1.2,Sperchon
SFT4_2017,8/16/2017,Kick net,Larvae,2.4,Diptera
SFT4_2017,8/16/2017,Kick net,Larvae,3.8,Chironominae
SFT4_2017,8/16/2017,Kick net,Larvae,4.8,Orthocladiinae
SFT4_2017,8/16/2017,Kick net,Larvae,5.4,Orthocladiinae
SFT4_2017,8/16/2017,Kick net,Larvae,4.4,Orthocladiinae
SFT4_2017,8/16/2017,Kick net,Larvae,6,Chelifera
SFT4_2017,8/16/2017,Kick net,Larvae,12.2,Tipula
SFT4_2017,8/16/2017,Kick net,Larvae,7,Tipula
SFT4_2017,8/16/2017,Kick net,Larvae,25.2,Tipula
SFT4_2017,8/16/2017,Kick net,Larvae,10,Tipula
SFT4_2017,8/16/2017,Kick net,Larvae,10.2,Tipula
SFT4_2017,8/16/2017,Kick net,Larvae,7.4,Tipula
SFT4_2017,8/16/2017,Kick net,Larvae,4.4,Tipula
SFT4_2017,8/16/2017,Kick net,Larvae,1.6,Nemouridae
SFT4_2017,8/16/2017,Kick net,Larvae,2,Nemouridae
SFT4_2017,8/16/2017,Kick net,Larvae,9.8,Rhyacophila
SFT4_2017,8/16/2017,Kick net,Adult,6.6,Nemata
SFT4_2017,8/16/2017,Kick net,Larvae,5.2,Arcynopteryx compacta
SFT4_2017,8/16/2017,Kick net,Larvae,2.2,Acentrella
SFT4_2017,8/16/2017,Kick net,Larvae,4,Acentrella
SFT4_2017,8/16/2017,Kick net,Larvae,4.4,Acentrella
SFT4_2017,8/16/2017,Kick net,Larvae,3.2,Acentrella
SFT4_2017,8/16/2017,Kick net,Larvae,5,Probezzia
SFT4_2017,8/16/2017,Kick net,Larvae,6.4,Probezzia
SFT4_2017,8/16/2017,Kick net,Larvae,4.2,Chloroperlinae
SFT4_2017,8/16/2017,Kick net,Larvae,3,Chloroperlinae
SFT4_2017,8/16/2017,Kick net,Larvae,2.8,Chloroperlinae
SFT4_2017,8/16/2017,Kick net,Larvae,2.4,Chloroperlinae
SFT4_2017,8/16/2017,Kick net,Larvae,3.4,Chloroperlinae
SFT4_2017,8/16/2017,Kick net,Larvae,3.8,Chloroperlinae
MST4_2018,9/6/2018,Kick net,Adult,1,Lebertia
MST4_2018,9/6/2018,Kick net,Adult,1,Sperchon
MST4_2018,9/6/2018,Kick net,Pupae,3.6,Chironomidae
MST4_2018,9/6/2018,Kick net,Larvae,2,Chironominae
MST4_2018,9/6/2018,Kick net,Larvae,4,Chironominae
MST4_2018,9/6/2018,Kick net,Larvae,2.2,Chironominae
MST4_2018,9/6/2018,Kick net,Larvae,2.4,Chironominae
MST4_2018,9/6/2018,Kick net,Larvae,2.6,Chironominae
MST4_2018,9/6/2018,Kick net,Larvae,1.6,Chironominae
MST4_2018,9/6/2018,Kick net,Larvae,3.2,Chironominae
MST4_2018,9/6/2018,Kick net,Larvae,1,Chironominae
MST4_2018,9/6/2018,Kick net,Larvae,3,Chironominae
MST4_2018,9/6/2018,Kick net,Larvae,1.4,Chironominae
MST4_2018,9/6/2018,Kick net,Larvae,6,Orthocladiinae
MST4_2018,9/6/2018,Kick net,Larvae,3.2,Orthocladiinae
MST4_2018,9/6/2018,Kick net,Larvae,3.6,Orthocladiinae
MST4_2018,9/6/2018,Kick net,Larvae,2.6,Orthocladiinae
MST4_2018,9/6/2018,Kick net,Larvae,1.2,Orthocladiinae
MST4_2018,9/6/2018,Kick net,Larvae,1,Orthocladiinae
MST4_2018,9/6/2018,Kick net,Larvae,4.2,Orthocladiinae
MST4_2018,9/6/2018,Kick net,Larvae,4,Orthocladiinae
MST4_2018,9/6/2018,Kick net,Larvae,4.8,Orthocladiinae
MST4_2018,9/6/2018,Kick net,Larvae,5.4,Orthocladiinae
MST4_2018,9/6/2018,Kick net,Larvae,9,Orthocladiinae
MST4_2018,9/6/2018,Kick net,Larvae,3,Orthocladiinae
MST4_2018,9/6/2018,Kick net,Larvae,2.4,Orthocladiinae
MST4_2018,9/6/2018,Kick net,Larvae,2.2,Orthocladiinae
MST4_2018,9/6/2018,Kick net,Larvae,6.4,Orthocladiinae
MST4_2018,9/6/2018,Kick net,Larvae,5.8,Orthocladiinae
MST4_2018,9/6/2018,Kick net,Larvae,4.4,Orthocladiinae
MST4_2018,9/6/2018,Kick net,Larvae,5.2,Orthocladiinae
MST4_2018,9/6/2018,Kick net,Larvae,4.6,Orthocladiinae
MST4_2018,9/6/2018,Kick net,Larvae,8.2,Orthocladiinae
MST4_2018,9/6/2018,Kick net,Larvae,5,Orthocladiinae
MST4_2018,9/6/2018,Kick net,Larvae,9.2,Orthocladiinae
MST4_2018,9/6/2018,Kick net,Larvae,1.8,Orthocladiinae
MST4_2018,9/6/2018,Kick net,Larvae,2,Orthocladiinae
MST4_2018,9/6/2018,Kick net,Larvae,3.4,Orthocladiinae
MST4_2018,9/6/2018,Kick net,Larvae,4,Tanypodinae
MST4_2018,9/6/2018,Kick net,Larvae,5,Tanypodinae
MST4_2018,9/6/2018,Kick net,Larvae,5.4,Tanypodinae
MST4_2018,9/6/2018,Kick net,Pupae,3.8,Empididae
MST4_2018,9/6/2018,Kick net,Larvae,8,Chelifera
MST4_2018,9/6/2018,Kick net,Larvae,4,Clinocera
MST4_2018,9/6/2018,Kick net,Larvae,6.4,Pericoma
MST4_2018,9/6/2018,Kick net,Larvae,5.2,Pericoma
MST4_2018,9/6/2018,Kick net,Larvae,5.6,Pericoma
MST4_2018,9/6/2018,Kick net,Larvae,3.4,Pericoma
MST4_2018,9/6/2018,Kick net,Larvae,5,Pericoma
MST4_2018,9/6/2018,Kick net,Pupae,4.6,Simuliidae
MST4_2018,9/6/2018,Kick net,Larvae,2.4,Dicranota
MST4_2018,9/6/2018,Kick net,Larvae,3,Dicranota
MST4_2018,9/6/2018,Kick net,Larvae,13,Dicranota
MST4_2018,9/6/2018,Kick net,Larvae,1.8,Dicranota
MST4_2018,9/6/2018,Kick net,Larvae,1,Baetis
MST4_2018,9/6/2018,Kick net,Larvae,4.8,Baetis
MST4_2018,9/6/2018,Kick net,Larvae,1.4,Heptageniidae
MST4_2018,9/6/2018,Kick net,Larvae,7.6,Cinygma
MST4_2018,9/6/2018,Kick net,Larvae,2.4,Cinygmula
MST4_2018,9/6/2018,Kick net,Larvae,7.2,Cinygmula
MST4_2018,9/6/2018,Kick net,Larvae,1.4,Cinygmula
MST4_2018,9/6/2018,Kick net,Larvae,2.6,Cinygmula
MST4_2018,9/6/2018,Kick net,Larvae,3,Capniidae
MST4_2018,9/6/2018,Kick net,Larvae,1.8,Capniidae
MST4_2018,9/6/2018,Kick net,Larvae,2.2,Capniidae
MST4_2018,9/6/2018,Kick net,Larvae,1.4,Capniidae
MST4_2018,9/6/2018,Kick net,Larvae,1.2,Capniidae
MST4_2018,9/6/2018,Kick net,Larvae,1.6,Capniidae
MST4_2018,9/6/2018,Kick net,Larvae,1,Capniidae
MST4_2018,9/6/2018,Kick net,Larvae,3.2,Capniidae
MST4_2018,9/6/2018,Kick net,Larvae,4.8,Nemoura
MST4_2018,9/6/2018,Kick net,Larvae,3,Nemoura
MST4_2018,9/6/2018,Kick net,Larvae,3.6,Nemoura
MST4_2018,9/6/2018,Kick net,Larvae,7,Nemoura
MST4_2018,9/6/2018,Kick net,Larvae,5.8,Nemoura
MST4_2018,9/6/2018,Kick net,Larvae,3.8,Nemoura
MST4_2018,9/6/2018,Kick net,Larvae,3.6,Podmosta
MST4_2018,9/6/2018,Kick net,Larvae,1,Zapada
MST4_2018,9/6/2018,Kick net,Larvae,1.6,Zapada
MST4_2018,9/6/2018,Kick net,Larvae,1.4,Zapada
MST4_2018,9/6/2018,Kick net,Larvae,3.2,Isoperla
MST4_2018,9/6/2018,Kick net,Larvae,5.2,Limnephilidae
MST4_2018,9/6/2018,Kick net,Larvae,5.6,Limnephilidae
MST4_2018,9/6/2018,Kick net,Larvae,2.6,Limnephilidae
MST4_2018,9/6/2018,Kick net,Larvae,3.6,Apatania
MST4_2018,9/6/2018,Kick net,Larvae,15.2,Dicosmoecus
MST4_2018,9/6/2018,Kick net,Larvae,12.8,Arcynopteryx compacta
MST4_2018,9/6/2018,Kick net,Larvae,10.4,Arcynopteryx compacta
MST4_2018,9/6/2018,Kick net,Larvae,4.4,Acentrella
MST4_2018,9/6/2018,Kick net,Adult,0.6,Mideopsis
NFT4_2018,9/5/2018,Kick net,Adult,1,Hygrobatidae
NFT4_2018,9/5/2018,Kick net,Adult,1,Lebertia
NFT4_2018,9/5/2018,Kick net,Adult,1,Sperchon
NFT4_2018,9/5/2018,Kick net,Pupae,4.2,Chironomidae
NFT4_2018,9/5/2018,Kick net,Pupae,3,Chironomidae
NFT4_2018,9/5/2018,Kick net,Pupae,4,Chironomidae
NFT4_2018,9/5/2018,Kick net,Pupae,4.4,Chironomidae
NFT4_2018,9/5/2018,Kick net,Larvae,1.8,Chironominae
NFT4_2018,9/5/2018,Kick net,Larvae,2.4,Chironominae
NFT4_2018,9/5/2018,Kick net,Larvae,2.2,Chironominae
NFT4_2018,9/5/2018,Kick net,Larvae,2,Chironominae
NFT4_2018,9/5/2018,Kick net,Larvae,5.6,Orthocladiinae
NFT4_2018,9/5/2018,Kick net,Larvae,3,Orthocladiinae
NFT4_2018,9/5/2018,Kick net,Larvae,1,Orthocladiinae
NFT4_2018,9/5/2018,Kick net,Larvae,4.2,Orthocladiinae
NFT4_2018,9/5/2018,Kick net,Larvae,2,Orthocladiinae
NFT4_2018,9/5/2018,Kick net,Larvae,6.6,Orthocladiinae
NFT4_2018,9/5/2018,Kick net,Larvae,1.4,Orthocladiinae
NFT4_2018,9/5/2018,Kick net,Larvae,1.6,Orthocladiinae
NFT4_2018,9/5/2018,Kick net,Larvae,6.2,Orthocladiinae
NFT4_2018,9/5/2018,Kick net,Larvae,1.2,Orthocladiinae
NFT4_2018,9/5/2018,Kick net,Larvae,1.8,Orthocladiinae
NFT4_2018,9/5/2018,Kick net,Larvae,4.8,Orthocladiinae
NFT4_2018,9/5/2018,Kick net,Larvae,5.8,Orthocladiinae
NFT4_2018,9/5/2018,Kick net,Larvae,8.6,Dicranota
NFT4_2018,9/5/2018,Kick net,Larvae,2,Heptageniidae
NFT4_2018,9/5/2018,Kick net,Larvae,2.4,Heptageniidae
NFT4_2018,9/5/2018,Kick net,Larvae,1.4,Heptageniidae
NFT4_2018,9/5/2018,Kick net,Larvae,2.2,Capniidae
NFT4_2018,9/5/2018,Kick net,Larvae,3.4,Capniidae
NFT4_2018,9/5/2018,Kick net,Larvae,3.8,Capniidae
NFT4_2018,9/5/2018,Kick net,Larvae,2,Capniidae
NFT4_2018,9/5/2018,Kick net,Larvae,2.6,Capniidae
NFT4_2018,9/5/2018,Kick net,Larvae,5.8,Limnephilidae
NFT4_2018,9/5/2018,Kick net,Larvae,4.4,Acentrella
NFT3_2018,9/4/2018,Kick net,Adult,0.6,Trombidiformes
NFT3_2018,9/4/2018,Kick net,Adult,0.8,Lebertia
NFT3_2018,9/4/2018,Kick net,Adult,1.2,Sperchon
NFT3_2018,9/4/2018,Kick net,Adult,1,Sperchon
NFT3_2018,9/4/2018,Kick net,Adult,0.8,Sperchon
NFT3_2018,9/4/2018,Kick net,Pupae,2.8,Chironomidae
NFT3_2018,9/4/2018,Kick net,Pupae,4,Chironomidae
NFT3_2018,9/4/2018,Kick net,Larvae,2.6,Chironominae
NFT3_2018,9/4/2018,Kick net,Larvae,2.8,Chironominae
NFT3_2018,9/4/2018,Kick net,Larvae,2.2,Chironominae
NFT3_2018,9/4/2018,Kick net,Larvae,2.4,Chironominae
NFT3_2018,9/4/2018,Kick net,Larvae,2,Chironominae
NFT3_2018,9/4/2018,Kick net,Larvae,1.6,Chironominae
NFT3_2018,9/4/2018,Kick net,Larvae,1.8,Chironominae
NFT3_2018,9/4/2018,Kick net,Larvae,3,Chironominae
NFT3_2018,9/4/2018,Kick net,Larvae,2,Orthocladiinae
NFT3_2018,9/4/2018,Kick net,Larvae,4.6,Orthocladiinae
NFT3_2018,9/4/2018,Kick net,Larvae,1.6,Orthocladiinae
NFT3_2018,9/4/2018,Kick net,Larvae,3.2,Orthocladiinae
NFT3_2018,9/4/2018,Kick net,Larvae,2.2,Orthocladiinae
NFT3_2018,9/4/2018,Kick net,Larvae,2.6,Orthocladiinae
NFT3_2018,9/4/2018,Kick net,Larvae,2.4,Orthocladiinae
NFT3_2018,9/4/2018,Kick net,Larvae,4,Orthocladiinae
NFT3_2018,9/4/2018,Kick net,Larvae,3.8,Orthocladiinae
NFT3_2018,9/4/2018,Kick net,Larvae,5.4,Orthocladiinae
NFT3_2018,9/4/2018,Kick net,Larvae,3.6,Orthocladiinae
NFT3_2018,9/4/2018,Kick net,Larvae,6,Orthocladiinae
NFT3_2018,9/4/2018,Kick net,Larvae,1.8,Orthocladiinae
NFT3_2018,9/4/2018,Kick net,Larvae,5.2,Orthocladiinae
NFT3_2018,9/4/2018,Kick net,Larvae,7.2,Chelifera
NFT3_2018,9/4/2018,Kick net,Larvae,8,Chelifera
NFT3_2018,9/4/2018,Kick net,Larvae,7.6,Chelifera
NFT3_2018,9/4/2018,Kick net,Larvae,6.6,Chelifera
NFT3_2018,9/4/2018,Kick net,Larvae,7.8,Chelifera
NFT3_2018,9/4/2018,Kick net,Larvae,9.4,Chelifera
NFT3_2018,9/4/2018,Kick net,Larvae,8.4,Chelifera
NFT3_2018,9/4/2018,Kick net,Larvae,6.8,Chelifera
NFT3_2018,9/4/2018,Kick net,Larvae,3.4,Clinocera
NFT3_2018,9/4/2018,Kick net,Larvae,3,Clinocera
NFT3_2018,9/4/2018,Kick net,Larvae,4.4,Pericoma
NFT3_2018,9/4/2018,Kick net,Larvae,4.8,Pericoma
NFT3_2018,9/4/2018,Kick net,Larvae,4.6,Pericoma
NFT3_2018,9/4/2018,Kick net,Larvae,4,Pericoma
NFT3_2018,9/4/2018,Kick net,Larvae,4.2,Pericoma
NFT3_2018,9/4/2018,Kick net,Larvae,3.8,Pericoma
NFT3_2018,9/4/2018,Kick net,Larvae,5,Pericoma
NFT3_2018,9/4/2018,Kick net,Pupae,3.6,Simuliidae
NFT3_2018,9/4/2018,Kick net,Larvae,7,Dicranota
NFT3_2018,9/4/2018,Kick net,Larvae,7.2,Dicranota
NFT3_2018,9/4/2018,Kick net,Larvae,9,Dicranota
NFT3_2018,9/4/2018,Kick net,Larvae,9.4,Dicranota
NFT3_2018,9/4/2018,Kick net,Larvae,8,Dicranota
NFT3_2018,9/4/2018,Kick net,Larvae,23,Tipula
NFT3_2018,9/4/2018,Kick net,Larvae,7,Tipula
NFT3_2018,9/4/2018,Kick net,Larvae,21,Tipula
NFT3_2018,9/4/2018,Kick net,Larvae,17,Tipula
NFT3_2018,9/4/2018,Kick net,Larvae,12.2,Tipula
NFT3_2018,9/4/2018,Kick net,Larvae,21.4,Tipula
NFT3_2018,9/4/2018,Kick net,Larvae,18.4,Tipula
NFT3_2018,9/4/2018,Kick net,Larvae,21.6,Tipula
NFT3_2018,9/4/2018,Kick net,Larvae,14,Tipula
NFT3_2018,9/4/2018,Kick net,Larvae,10.8,Tipula
NFT3_2018,9/4/2018,Kick net,Larvae,7.2,Tipula
NFT3_2018,9/4/2018,Kick net,Larvae,9.4,Tipula
NFT3_2018,9/4/2018,Kick net,Larvae,6.4,Tipula
NFT3_2018,9/4/2018,Kick net,Larvae,9.8,Tipula
NFT3_2018,9/4/2018,Kick net,Larvae,17.4,Tipula
NFT3_2018,9/4/2018,Kick net,Larvae,19.2,Tipula
NFT3_2018,9/4/2018,Kick net,Larvae,12.4,Tipula
NFT3_2018,9/4/2018,Kick net,Larvae,10,Tipula
NFT3_2018,9/4/2018,Kick net,Larvae,10.6,Tipula
NFT3_2018,9/4/2018,Kick net,Larvae,12.6,Tipula
NFT3_2018,9/4/2018,Kick net,Larvae,8.6,Tipula
NFT3_2018,9/4/2018,Kick net,Larvae,11.4,Tipula
NFT3_2018,9/4/2018,Kick net,Larvae,19.6,Tipula
NFT3_2018,9/4/2018,Kick net,Larvae,11.6,Tipula
NFT3_2018,9/4/2018,Kick net,Larvae,18,Tipula
NFT3_2018,9/4/2018,Kick net,Larvae,2.4,Heptageniidae
NFT3_2018,9/4/2018,Kick net,Larvae,1.8,Heptageniidae
NFT3_2018,9/4/2018,Kick net,Larvae,3,Heptageniidae
NFT3_2018,9/4/2018,Kick net,Larvae,2.2,Heptageniidae
NFT3_2018,9/4/2018,Kick net,Larvae,2.6,Heptageniidae
NFT3_2018,9/4/2018,Kick net,Larvae,1.4,Heptageniidae
NFT3_2018,9/4/2018,Kick net,Larvae,2.6,Capniidae
NFT3_2018,9/4/2018,Kick net,Larvae,3,Capniidae
NFT3_2018,9/4/2018,Kick net,Larvae,3.2,Capniidae
NFT3_2018,9/4/2018,Kick net,Larvae,2,Capniidae
NFT3_2018,9/4/2018,Kick net,Larvae,1.6,Nemouridae
NFT3_2018,9/4/2018,Kick net,Larvae,1.8,Nemouridae
NFT3_2018,9/4/2018,Kick net,Larvae,2,Nemouridae
NFT3_2018,9/4/2018,Kick net,Larvae,2.4,Nemouridae
NFT3_2018,9/4/2018,Kick net,Larvae,1.4,Nemouridae
NFT3_2018,9/4/2018,Kick net,Larvae,4.4,Nemoura
NFT3_2018,9/4/2018,Kick net,Larvae,4.2,Nemoura
NFT3_2018,9/4/2018,Kick net,Larvae,4.6,Nemoura
NFT3_2018,9/4/2018,Kick net,Larvae,4.6,Podmosta
NFT3_2018,9/4/2018,Kick net,Larvae,4.8,Podmosta
NFT3_2018,9/4/2018,Kick net,Larvae,5,Podmosta
NFT3_2018,9/4/2018,Kick net,Larvae,4.2,Podmosta
NFT3_2018,9/4/2018,Kick net,Larvae,4.4,Podmosta
NFT3_2018,9/4/2018,Kick net,Larvae,4,Podmosta
NFT3_2018,9/4/2018,Kick net,Larvae,3,Limnephilidae
NFT3_2018,9/4/2018,Kick net,Larvae,2.4,Limnephilidae
NFT3_2018,9/4/2018,Kick net,Larvae,13.8,Arcynopteryx compacta
NFT3_2018,9/4/2018,Kick net,Larvae,9,Brachycentrus americanus
SFT4_2018,9/2/2018,Kick net,Adult,0.6,Trombidiformes
SFT4_2018,9/2/2018,Kick net,Adult,1,Hygrobatidae
SFT4_2018,9/2/2018,Kick net,Adult,1.4,Hygrobatidae
SFT4_2018,9/2/2018,Kick net,Adult,1,Lebertia
SFT4_2018,9/2/2018,Kick net,Adult,1,Sperchon
SFT4_2018,9/2/2018,Kick net,Adult,1.2,Sperchon
SFT4_2018,9/2/2018,Kick net,Larvae,3,Chironominae
SFT4_2018,9/2/2018,Kick net,Larvae,2,Chironominae
SFT4_2018,9/2/2018,Kick net,Larvae,2.2,Chironominae
SFT4_2018,9/2/2018,Kick net,Larvae,2.4,Chironominae
SFT4_2018,9/2/2018,Kick net,Larvae,2.8,Chironominae
SFT4_2018,9/2/2018,Kick net,Larvae,4.6,Orthocladiinae
SFT4_2018,9/2/2018,Kick net,Larvae,2.4,Orthocladiinae
SFT4_2018,9/2/2018,Kick net,Larvae,4,Orthocladiinae
SFT4_2018,9/2/2018,Kick net,Larvae,4.4,Orthocladiinae
SFT4_2018,9/2/2018,Kick net,Larvae,4.2,Orthocladiinae
SFT4_2018,9/2/2018,Kick net,Larvae,2.6,Orthocladiinae
SFT4_2018,9/2/2018,Kick net,Larvae,3.2,Orthocladiinae
SFT4_2018,9/2/2018,Kick net,Larvae,3.4,Orthocladiinae
SFT4_2018,9/2/2018,Kick net,Larvae,4.8,Orthocladiinae
SFT4_2018,9/2/2018,Kick net,Larvae,2.8,Orthocladiinae
SFT4_2018,9/2/2018,Kick net,Larvae,5.4,Tanypodinae
SFT4_2018,9/2/2018,Kick net,Larvae,5,Tanypodinae
SFT4_2018,9/2/2018,Kick net,Larvae,4.6,Tanypodinae
SFT4_2018,9/2/2018,Kick net,Larvae,4.4,Tanypodinae
SFT4_2018,9/2/2018,Kick net,Larvae,4.8,Tanypodinae
SFT4_2018,9/2/2018,Kick net,Larvae,3,Tanypodinae
SFT4_2018,9/2/2018,Kick net,Larvae,3.6,Tanypodinae
SFT4_2018,9/2/2018,Kick net,Larvae,5.2,Tanypodinae
SFT4_2018,9/2/2018,Kick net,Larvae,2.8,Tanypodinae
SFT4_2018,9/2/2018,Kick net,Larvae,4,Tanypodinae
SFT4_2018,9/2/2018,Kick net,Larvae,3.4,Tanypodinae
SFT4_2018,9/2/2018,Kick net,Larvae,2,Chelifera
SFT4_2018,9/2/2018,Kick net,Larvae,7.8,Chelifera
SFT4_2018,9/2/2018,Kick net,Larvae,7.2,Chelifera
SFT4_2018,9/2/2018,Kick net,Larvae,3.4,Clinocera
SFT4_2018,9/2/2018,Kick net,Larvae,2.4,Clinocera
SFT4_2018,9/2/2018,Kick net,Larvae,2.6,Clinocera
SFT4_2018,9/2/2018,Kick net,Larvae,2.8,Clinocera
SFT4_2018,9/2/2018,Kick net,Larvae,2,Clinocera
SFT4_2018,9/2/2018,Kick net,Larvae,4,Pericoma
SFT4_2018,9/2/2018,Kick net,Larvae,5.8,Pericoma
SFT4_2018,9/2/2018,Kick net,Larvae,3.8,Pericoma
SFT4_2018,9/2/2018,Kick net,Larvae,5.4,Pericoma
SFT4_2018,9/2/2018,Kick net,Larvae,5,Pericoma
SFT4_2018,9/2/2018,Kick net,Larvae,5.2,Pericoma
SFT4_2018,9/2/2018,Kick net,Larvae,4.4,Pericoma
SFT4_2018,9/2/2018,Kick net,Larvae,4.6,Pericoma
SFT4_2018,9/2/2018,Kick net,Larvae,2.4,Simulium
SFT4_2018,9/2/2018,Kick net,Larvae,22.5,Tipula
SFT4_2018,9/2/2018,Kick net,Larvae,16,Tipula
SFT4_2018,9/2/2018,Kick net,Larvae,27,Tipula
SFT4_2018,9/2/2018,Kick net,Larvae,22,Tipula
SFT4_2018,9/2/2018,Kick net,Larvae,25,Tipula
SFT4_2018,9/2/2018,Kick net,Larvae,4.8,Capniidae
SFT4_2018,9/2/2018,Kick net,Larvae,2.4,Nemouridae
SFT4_2018,9/2/2018,Kick net,Larvae,3,Limnephilidae
SFT4_2018,9/2/2018,Kick net,Larvae,2.4,Rhyacophila
SFT4_2018,9/2/2018,Kick net,Adult,2.6,Valvata
SFT4_2018,9/2/2018,Kick net,Larvae,9.6,Brachycentrus americanus
SFT4_2018,9/2/2018,Kick net,Larvae,9.8,Probezzia
SFT2_2018,9/5/2018,Kick net,Adult,1,Trombidiformes
SFT2_2018,9/5/2018,Kick net,Adult,1,Hygrobatidae
SFT2_2018,9/5/2018,Kick net,Adult,1,Lebertia
SFT2_2018,9/5/2018,Kick net,Adult,1.2,Lebertia
SFT2_2018,9/5/2018,Kick net,Adult,1.2,Sperchon
SFT2_2018,9/5/2018,Kick net,Adult,1,Sperchon
SFT2_2018,9/5/2018,Kick net,Pupae,4,Chironomidae
SFT2_2018,9/5/2018,Kick net,Larvae,3,Chironominae
SFT2_2018,9/5/2018,Kick net,Larvae,2,Chironominae
SFT2_2018,9/5/2018,Kick net,Larvae,2.6,Chironominae
SFT2_2018,9/5/2018,Kick net,Larvae,1.6,Chironominae
SFT2_2018,9/5/2018,Kick net,Larvae,4.4,Chironominae
SFT2_2018,9/5/2018,Kick net,Larvae,4.8,Chironominae
SFT2_2018,9/5/2018,Kick net,Larvae,2.4,Chironominae
SFT2_2018,9/5/2018,Kick net,Larvae,1.4,Chironominae
SFT2_2018,9/5/2018,Kick net,Larvae,3.2,Chironominae
SFT2_2018,9/5/2018,Kick net,Larvae,3.6,Orthocladiinae
SFT2_2018,9/5/2018,Kick net,Larvae,2.2,Orthocladiinae
SFT2_2018,9/5/2018,Kick net,Larvae,4,Orthocladiinae
SFT2_2018,9/5/2018,Kick net,Larvae,3,Orthocladiinae
SFT2_2018,9/5/2018,Kick net,Larvae,2.4,Orthocladiinae
SFT2_2018,9/5/2018,Kick net,Larvae,2,Orthocladiinae
SFT2_2018,9/5/2018,Kick net,Larvae,3.8,Orthocladiinae
SFT2_2018,9/5/2018,Kick net,Larvae,1.8,Orthocladiinae
SFT2_2018,9/5/2018,Kick net,Larvae,5.4,Orthocladiinae
SFT2_2018,9/5/2018,Kick net,Larvae,1.4,Orthocladiinae
SFT2_2018,9/5/2018,Kick net,Larvae,2.6,Orthocladiinae
SFT2_2018,9/5/2018,Kick net,Larvae,3.2,Orthocladiinae
SFT2_2018,9/5/2018,Kick net,Larvae,3.4,Orthocladiinae
SFT2_2018,9/5/2018,Kick net,Larvae,4.2,Orthocladiinae
SFT2_2018,9/5/2018,Kick net,Larvae,4.8,Orthocladiinae
SFT2_2018,9/5/2018,Kick net,Larvae,4.6,Chelifera
SFT2_2018,9/5/2018,Kick net,Larvae,3,Clinocera
SFT2_2018,9/5/2018,Kick net,Larvae,3.2,Clinocera
SFT2_2018,9/5/2018,Kick net,Larvae,6.2,Pericoma
SFT2_2018,9/5/2018,Kick net,Larvae,4.2,Pericoma
SFT2_2018,9/5/2018,Kick net,Larvae,4.4,Simulium
SFT2_2018,9/5/2018,Kick net,Larvae,2.8,Simulium
SFT2_2018,9/5/2018,Kick net,Larvae,14,Tipula
SFT2_2018,9/5/2018,Kick net,Larvae,12.4,Tipula
SFT2_2018,9/5/2018,Kick net,Larvae,8.8,Tipula
SFT2_2018,9/5/2018,Kick net,Larvae,14.2,Tipula
SFT2_2018,9/5/2018,Kick net,Larvae,10.2,Tipula
SFT2_2018,9/5/2018,Kick net,Larvae,3.6,Capniidae
SFT2_2018,9/5/2018,Kick net,Larvae,2.4,Capniidae
SFT2_2018,9/5/2018,Kick net,Larvae,3.4,Capniidae
SFT2_2018,9/5/2018,Kick net,Larvae,2,Limnephilidae
SFT2_2018,9/5/2018,Kick net,Larvae,1.6,Limnephilidae
SFT2_2018,9/5/2018,Kick net,Larvae,6,Apatania
SFT2_2018,9/5/2018,Kick net,Larvae,8.4,Helodon
SFT2_2018,9/5/2018,Kick net,Larvae,2.6,Chloroperlinae
SFT2_2018,9/5/2018,Kick net,Larvae,4.2,Chloroperlinae
SFT2_2018,9/5/2018,Kick net,Larvae,4.4,Chloroperlinae
SFT1_2018,9/3/2018,Kick net,Adult,1.2,Trombidiformes
SFT1_2018,9/3/2018,Kick net,Adult,1,Lebertia
SFT1_2018,9/3/2018,Kick net,Larvae,1.4,Chironominae
SFT1_2018,9/3/2018,Kick net,Larvae,1.2,Chironominae
SFT1_2018,9/3/2018,Kick net,Larvae,1.6,Chironominae
SFT1_2018,9/3/2018,Kick net,Larvae,1.8,Chironominae
SFT1_2018,9/3/2018,Kick net,Larvae,4.4,Orthocladiinae
SFT1_2018,9/3/2018,Kick net,Larvae,1.6,Orthocladiinae
SFT1_2018,9/3/2018,Kick net,Larvae,4,Simulium
SFT1_2018,9/3/2018,Kick net,Larvae,7.2,Tipula
SFT1_2018,9/3/2018,Kick net,Larvae,13,Tipula
SFT1_2018,9/3/2018,Kick net,Larvae,8.4,Tipula
SFT1_2018,9/3/2018,Kick net,Larvae,5.2,Epeorus
SFT1_2018,9/3/2018,Kick net,Larvae,6.4,Epeorus
SFT1_2018,9/3/2018,Kick net,Larvae,3,Ameletus
SFT1_2018,9/3/2018,Kick net,Larvae,3.4,Capniidae
SFT1_2018,9/3/2018,Kick net,Larvae,2.6,Capniidae
SFT1_2018,9/3/2018,Kick net,Larvae,2.4,Apatania
SFT1_2018,9/3/2018,Kick net,Larvae,2,Apatania
SFT1_2018,9/3/2018,Kick net,Larvae,8.8,Arcynopteryx compacta
SFT1_2018,9/3/2018,Kick net,Larvae,6.2,Chloroperlinae
CRT1_2018,8/31/2018,Kick net,Adult,1,Hygrobatidae
CRT1_2018,8/31/2018,Kick net,Adult,1.2,Hygrobatidae
CRT1_2018,8/31/2018,Kick net,Adult,1,Lebertia
CRT1_2018,8/31/2018,Kick net,Adult,1.2,Lebertia
CRT1_2018,8/31/2018,Kick net,Adult,1.4,Lebertia
CRT1_2018,8/31/2018,Kick net,Adult,1,Sperchon
CRT1_2018,8/31/2018,Kick net,Adult,1.2,Sperchon
CRT1_2018,8/31/2018,Kick net,Adult,1.4,Sperchon
CRT1_2018,8/31/2018,Kick net,Larvae,1.6,Chironominae
CRT1_2018,8/31/2018,Kick net,Larvae,2,Chironominae
CRT1_2018,8/31/2018,Kick net,Larvae,3,Chironominae
CRT1_2018,8/31/2018,Kick net,Larvae,2.2,Chironominae
CRT1_2018,8/31/2018,Kick net,Larvae,2.6,Chironominae
CRT1_2018,8/31/2018,Kick net,Larvae,3.4,Chironominae
CRT1_2018,8/31/2018,Kick net,Larvae,4,Chironominae
CRT1_2018,8/31/2018,Kick net,Larvae,3.8,Chironominae
CRT1_2018,8/31/2018,Kick net,Larvae,2.4,Chironominae
CRT1_2018,8/31/2018,Kick net,Larvae,4.6,Orthocladiinae
CRT1_2018,8/31/2018,Kick net,Larvae,1.4,Orthocladiinae
CRT1_2018,8/31/2018,Kick net,Larvae,4.2,Orthocladiinae
CRT1_2018,8/31/2018,Kick net,Larvae,2.2,Orthocladiinae
CRT1_2018,8/31/2018,Kick net,Larvae,4.4,Orthocladiinae
CRT1_2018,8/31/2018,Kick net,Larvae,3.4,Orthocladiinae
CRT1_2018,8/31/2018,Kick net,Larvae,3.6,Orthocladiinae
CRT1_2018,8/31/2018,Kick net,Larvae,2.6,Orthocladiinae
CRT1_2018,8/31/2018,Kick net,Larvae,4,Orthocladiinae
CRT1_2018,8/31/2018,Kick net,Larvae,2.4,Orthocladiinae
CRT1_2018,8/31/2018,Kick net,Larvae,6,Orthocladiinae
CRT1_2018,8/31/2018,Kick net,Larvae,3.8,Orthocladiinae
CRT1_2018,8/31/2018,Kick net,Larvae,3.6,Tanypodinae
CRT1_2018,8/31/2018,Kick net,Larvae,4,Tanypodinae
CRT1_2018,8/31/2018,Kick net,Larvae,1.4,Clinocera
CRT1_2018,8/31/2018,Kick net,Larvae,2.4,Clinocera
CRT1_2018,8/31/2018,Kick net,Larvae,2,Clinocera
CRT1_2018,8/31/2018,Kick net,Larvae,1.4,Maruina
CRT1_2018,8/31/2018,Kick net,Larvae,3.2,Simuliidae
CRT1_2018,8/31/2018,Kick net,Larvae,4,Simulium
CRT1_2018,8/31/2018,Kick net,Larvae,3.4,Cinygma
CRT1_2018,8/31/2018,Kick net,Larvae,1.6,Nemouridae
CRT1_2018,8/31/2018,Kick net,Larvae,2.2,Nemouridae
CRT1_2018,8/31/2018,Kick net,Larvae,2,Nemouridae
CRT1_2018,8/31/2018,Kick net,Larvae,5,Podmosta
CRT1_2018,8/31/2018,Kick net,Larvae,5.8,Podmosta
CRT1_2018,8/31/2018,Kick net,Larvae,4,Podmosta
CRT1_2018,8/31/2018,Kick net,Larvae,4.2,Podmosta
CRT1_2018,8/31/2018,Kick net,Larvae,5.4,Podmosta
CRT1_2018,8/31/2018,Kick net,Larvae,5.2,Podmosta
CRT1_2018,8/31/2018,Kick net,Larvae,4.6,Podmosta
CRT1_2018,8/31/2018,Kick net,Larvae,2,Brachycentrus
CRT1_2018,8/31/2018,Kick net,Larvae,1.4,Brachycentrus
CRT1_2018,8/31/2018,Kick net,Larvae,1.2,Brachycentrus
CRT1_2018,8/31/2018,Kick net,Larvae,1.6,Brachycentrus
CRT1_2018,8/31/2018,Kick net,Larvae,4,Micrasema
CRT1_2018,8/31/2018,Kick net,Larvae,2.2,Micrasema
CRT1_2018,8/31/2018,Kick net,Larvae,22.6,Dicosmoecus
CRT1_2018,8/31/2018,Kick net,Adult,2.6,Physa
CRT1_2018,8/31/2018,Kick net,Adult,0.8,Valvata
CRT1_2018,8/31/2018,Kick net,Adult,4.2,Valvata
CRT1_2018,8/31/2018,Kick net,Adult,1.2,Valvata
CRT1_2018,8/31/2018,Kick net,Adult,2.2,Valvata
CRT1_2018,8/31/2018,Kick net,Adult,2.4,Valvata
CRT1_2018,8/31/2018,Kick net,Adult,1.4,Valvata
CRT1_2018,8/31/2018,Kick net,Adult,3,Valvata
CRT1_2018,8/31/2018,Kick net,Adult,3.4,Valvata
CRT1_2018,8/31/2018,Kick net,Adult,2,Valvata
CRT1_2018,8/31/2018,Kick net,Adult,4,Valvata
CRT1_2018,8/31/2018,Kick net,Adult,2.8,Valvata
CRT1_2018,8/31/2018,Kick net,Adult,3.6,Valvata
CRT1_2018,8/31/2018,Kick net,Adult,1,Valvata
CRT1_2018,8/31/2018,Kick net,Adult,3.6,Gyraulus
CRT1_2018,8/31/2018,Kick net,Adult,4,Gyraulus
CRT1_2018,8/31/2018,Kick net,Adult,4.6,Gyraulus
CRT1_2018,8/31/2018,Kick net,Adult,1.2,Gyraulus
CRT1_2018,8/31/2018,Kick net,Adult,2.2,Pisidium
CRT1_2018,8/31/2018,Kick net,Adult,2.4,Pisidium
CRT1_2018,8/31/2018,Kick net,Larvae,5.6,Brachycentrus americanus
CRT1_2018,8/31/2018,Kick net,Adult,1,Sperchonopsis
CRT1_2018,8/31/2018,Kick net,Adult,1.2,Sperchonopsis
CRT2_2018,8/31/2018,Kick net,Adult,1,Hygrobatidae
CRT2_2018,8/31/2018,Kick net,Adult,1,Lebertia
CRT2_2018,8/31/2018,Kick net,Adult,1.4,Lebertia
CRT2_2018,8/31/2018,Kick net,Adult,5.8,Oreodytes
CRT2_2018,8/31/2018,Kick net,Larvae,1,Chironominae
CRT2_2018,8/31/2018,Kick net,Larvae,4.4,Orthocladiinae
CRT2_2018,8/31/2018,Kick net,Larvae,4,Orthocladiinae
CRT2_2018,8/31/2018,Kick net,Larvae,4.2,Orthocladiinae
CRT2_2018,8/31/2018,Kick net,Larvae,2.6,Orthocladiinae
CRT2_2018,8/31/2018,Kick net,Larvae,3,Orthocladiinae
CRT2_2018,8/31/2018,Kick net,Larvae,3.2,Orthocladiinae
CRT2_2018,8/31/2018,Kick net,Larvae,4.2,Tanypodinae
CRT2_2018,8/31/2018,Kick net,Larvae,7.2,Chelifera
CRT2_2018,8/31/2018,Kick net,Larvae,4.4,Chelifera
CRT2_2018,8/31/2018,Kick net,Larvae,5,Chelifera
CRT2_2018,8/31/2018,Kick net,Larvae,6.4,Chelifera
CRT2_2018,8/31/2018,Kick net,Larvae,3.2,Simulium
CRT2_2018,8/31/2018,Kick net,Larvae,4.2,Simulium
CRT2_2018,8/31/2018,Kick net,Larvae,4,Tipula
CRT2_2018,8/31/2018,Kick net,Larvae,30,Tipula
CRT2_2018,8/31/2018,Kick net,Larvae,25,Tipula
CRT2_2018,8/31/2018,Kick net,Larvae,7.6,Tipula
CRT2_2018,8/31/2018,Kick net,Larvae,2.6,Heptageniidae
CRT2_2018,8/31/2018,Kick net,Larvae,2.6,Capniidae
CRT2_2018,8/31/2018,Kick net,Larvae,6,Diura
CRT2_2018,8/31/2018,Kick net,Larvae,1.4,Brachycentrus
CRT2_2018,8/31/2018,Kick net,Larvae,1.6,Brachycentrus
CRT2_2018,8/31/2018,Kick net,Larvae,5,Micrasema
CRT2_2018,8/31/2018,Kick net,Larvae,4,Acentrella
CRT2_2018,8/31/2018,Kick net,Larvae,7.4,Brachycentrus echo
IRT2_2018,9/1/2018,Kick net,Larvae,2.6,Orthocladiinae
IRT2_2018,9/1/2018,Kick net,Larvae,5.8,Orthocladiinae
IRT2_2018,9/1/2018,Kick net,Larvae,15,Tipula
IRT2_2018,9/1/2018,Kick net,Larvae,7,Tipula
IRT2_2018,9/1/2018,Kick net,Larvae,7.4,Tipula
IRT2_2018,9/1/2018,Kick net,Larvae,9.8,Tipula
IRT2_2018,9/1/2018,Kick net,Larvae,5.2,Tipula
IRT2_2018,9/1/2018,Kick net,Larvae,29.8,Tipula
IRT2_2018,9/1/2018,Kick net,Larvae,0.6,Baetidae
IRT2_2018,9/1/2018,Kick net,Larvae,1.2,Baetis
IRT2_2018,9/1/2018,Kick net,Larvae,6,Nemouridae
IRT2_2018,9/1/2018,Kick net,Larvae,3.4,Nemouridae
IRT2_2018,9/1/2018,Kick net,Larvae,2,Nemouridae
IRT2_2018,9/1/2018,Kick net,Larvae,2.6,Nemouridae
IRT2_2018,9/1/2018,Kick net,Larvae,2.2,Nemouridae
IRT2_2018,9/1/2018,Kick net,Larvae,3.6,Nemouridae
IRT2_2018,9/1/2018,Kick net,Larvae,12,Rhyacophila
IRT2_2018,9/1/2018,Kick net,Larvae,5.4,Rhyacophila
IRT2_2018,9/1/2018,Kick net,Larvae,13,Rhyacophila
IRT2_2018,9/1/2018,Kick net,Larvae,12.6,Rhyacophila
IRT2_2018,9/1/2018,Kick net,Larvae,4.6,Rhyacophila
IRT2_2018,9/1/2018,Kick net,Larvae,3.4,Ephemerella dorothea/excrucians
ART3_2018,8/30/2018,Kick net,Adult,1,Lebertia
ART3_2018,8/30/2018,Kick net,Adult,1.6,Lebertia
ART3_2018,8/30/2018,Kick net,Larvae,5.8,Chironominae
ART3_2018,8/30/2018,Kick net,Larvae,6,Chironominae
ART3_2018,8/30/2018,Kick net,Larvae,1.6,Chironominae
ART3_2018,8/30/2018,Kick net,Larvae,2.2,Chironominae
ART3_2018,8/30/2018,Kick net,Larvae,3.8,Chironominae
ART3_2018,8/30/2018,Kick net,Larvae,4.4,Chironominae
ART3_2018,8/30/2018,Kick net,Larvae,2,Chironominae
ART3_2018,8/30/2018,Kick net,Larvae,2.4,Chironominae
ART3_2018,8/30/2018,Kick net,Larvae,4,Chironominae
ART3_2018,8/30/2018,Kick net,Larvae,5.4,Chironominae
ART3_2018,8/30/2018,Kick net,Larvae,1.8,Chironominae
ART3_2018,8/30/2018,Kick net,Larvae,5.6,Chironominae
ART3_2018,8/30/2018,Kick net,Larvae,7,Chelifera
ART3_2018,8/30/2018,Kick net,Larvae,3.8,Clinocera
ART3_2018,8/30/2018,Kick net,Larvae,4.2,Clinocera
ART3_2018,8/30/2018,Kick net,Larvae,4.8,Clinocera
ART3_2018,8/30/2018,Kick net,Larvae,4.4,Pericoma
ART3_2018,8/30/2018,Kick net,Larvae,4,Pericoma
ART3_2018,8/30/2018,Kick net,Larvae,3.2,Pericoma
ART3_2018,8/30/2018,Kick net,Larvae,4.2,Pericoma
ART3_2018,8/30/2018,Kick net,Larvae,4.6,Pericoma
ART3_2018,8/30/2018,Kick net,Larvae,2.6,Pericoma
ART3_2018,8/30/2018,Kick net,Larvae,3.6,Pericoma
ART3_2018,8/30/2018,Kick net,Larvae,4.8,Pericoma
ART3_2018,8/30/2018,Kick net,Larvae,3.4,Pericoma
ART3_2018,8/30/2018,Kick net,Larvae,3.8,Pericoma
ART3_2018,8/30/2018,Kick net,Larvae,5,Pericoma
ART3_2018,8/30/2018,Kick net,Larvae,2.4,Pericoma
ART3_2018,8/30/2018,Kick net,Larvae,5.8,Pericoma
ART3_2018,8/30/2018,Kick net,Larvae,3,Pericoma
ART3_2018,8/30/2018,Kick net,Larvae,5.2,Pericoma
ART3_2018,8/30/2018,Kick net,Larvae,3.2,Simulium
ART3_2018,8/30/2018,Kick net,Larvae,3.8,Simulium
ART3_2018,8/30/2018,Kick net,Larvae,7,Dicranota
ART3_2018,8/30/2018,Kick net,Larvae,9,Dicranota
ART3_2018,8/30/2018,Kick net,Larvae,5.4,Dicranota
ART3_2018,8/30/2018,Kick net,Larvae,6.4,Dicranota
ART3_2018,8/30/2018,Kick net,Larvae,2,Brachycentrus
ART3_2018,8/30/2018,Kick net,Larvae,5.4,Apatania
ART3_2018,8/30/2018,Kick net,Adult,3.6,Valvata
ART3_2018,8/30/2018,Kick net,Adult,1.6,Valvata
ART3_2018,8/30/2018,Kick net,Adult,2.2,Valvata
ART3_2018,8/30/2018,Kick net,Adult,2,Pisidium
ART3_2018,8/30/2018,Kick net,Adult,1.4,Pisidium
ART3_2018,8/30/2018,Kick net,Adult,14.8,Nemata
ART3_2018,8/30/2018,Kick net,Larvae,7.4,Probezzia
ART3_2018,8/30/2018,Kick net,Larvae,8.2,Probezzia
ART3_2018,8/30/2018,Kick net,Larvae,9.6,Probezzia
ART3_2018,8/30/2018,Kick net,Larvae,7,Probezzia
ART3_2018,8/30/2018,Kick net,Larvae,6.8,Probezzia
ART3_2018,8/30/2018,Kick net,Larvae,9.2,Probezzia
ART3_2018,8/30/2018,Kick net,Larvae,5,Ephemerella dorothea/excrucians
ART3_2018,8/30/2018,Kick net,Larvae,6.2,Ephemerella dorothea/excrucians
ART2_2018,8/30/2018,Kick net,Adult,1,Sperchon
ART2_2018,8/30/2018,Kick net,Adult,1.2,Sperchon
ART2_2018,8/30/2018,Kick net,Adult,1.4,Sperchon
ART2_2018,8/30/2018,Kick net,Larvae,11.2,Tipula
ART2_2018,8/30/2018,Kick net,Larvae,1.6,Drunella doddsii
ART2_2018,8/30/2018,Kick net,Larvae,2,Cinygmula
ART2_2018,8/30/2018,Kick net,Larvae,2.2,Cinygmula
ART2_2018,8/30/2018,Kick net,Larvae,4.4,Cinygmula
ART2_2018,8/30/2018,Kick net,Larvae,7,Cinygmula
ART2_2018,8/30/2018,Kick net,Larvae,4.4,Epeorus
ART2_2018,8/30/2018,Kick net,Larvae,6.4,Epeorus
ART2_2018,8/30/2018,Kick net,Larvae,6,Epeorus
ART2_2018,8/30/2018,Kick net,Larvae,5.4,Epeorus
ART2_2018,8/30/2018,Kick net,Larvae,4,Epeorus
ART2_2018,8/30/2018,Kick net,Larvae,5,Epeorus
ART2_2018,8/30/2018,Kick net,Larvae,5.6,Epeorus
ART2_2018,8/30/2018,Kick net,Larvae,5.2,Epeorus
ART2_2018,8/30/2018,Kick net,Larvae,4.6,Epeorus
ART2_2018,8/30/2018,Kick net,Larvae,3.8,Epeorus
ART2_2018,8/30/2018,Kick net,Larvae,3.8,Podmosta
ART2_2018,8/30/2018,Kick net,Larvae,2.2,Podmosta
ART2_2018,8/30/2018,Kick net,Larvae,3.4,Podmosta
ART2_2018,8/30/2018,Kick net,Larvae,3,Podmosta
ART2_2018,8/30/2018,Kick net,Larvae,3.2,Podmosta
ART2_2018,8/30/2018,Kick net,Larvae,2.6,Podmosta
ART2_2018,8/30/2018,Kick net,Larvae,5.6,Podmosta
ART2_2018,8/30/2018,Kick net,Larvae,3.6,Podmosta
ART2_2018,8/30/2018,Kick net,Larvae,2,Podmosta
ART2_2018,8/30/2018,Kick net,Larvae,6.6,Helodon
ART2_2018,8/30/2018,Kick net,Larvae,6.8,Helodon
ART2_2018,8/30/2018,Kick net,Larvae,4.6,Helodon
ART2_2018,8/30/2018,Kick net,Larvae,4,Helodon
ART1_2018,8/30/2018,Kick net,Adult,1,Trombidiformes
ART1_2018,8/30/2018,Kick net,Adult,1,Lebertia
ART1_2018,8/30/2018,Kick net,Adult,1,Sperchon
ART1_2018,8/30/2018,Kick net,Adult,1.2,Sperchon
ART1_2018,8/30/2018,Kick net,Adult,1.4,Sperchon
ART1_2018,8/30/2018,Kick net,Larvae,2,Diptera
ART1_2018,8/30/2018,Kick net,Larvae,2.2,Diptera
ART1_2018,8/30/2018,Kick net,Larvae,2.4,Diptera
ART1_2018,8/30/2018,Kick net,Larvae,6.2,Orthocladiinae
ART1_2018,8/30/2018,Kick net,Larvae,6,Orthocladiinae
ART1_2018,8/30/2018,Kick net,Larvae,4.2,Tanypodinae
ART1_2018,8/30/2018,Kick net,Larvae,7,Oreogeton
ART1_2018,8/30/2018,Kick net,Larvae,7.2,Oreogeton
ART1_2018,8/30/2018,Kick net,Larvae,2,Oreogeton
ART1_2018,8/30/2018,Kick net,Larvae,26.4,Tipula
ART1_2018,8/30/2018,Kick net,Larvae,12.8,Tipula
ART1_2018,8/30/2018,Kick net,Larvae,23.4,Tipula
ART1_2018,8/30/2018,Kick net,Larvae,15,Tipula
ART1_2018,8/30/2018,Kick net,Larvae,23,Tipula
ART1_2018,8/30/2018,Kick net,Larvae,19,Tipula
ART1_2018,8/30/2018,Kick net,Larvae,4,Capniidae
ART1_2018,8/30/2018,Kick net,Larvae,7.2,Leuctridae
ART1_2018,8/30/2018,Kick net,Larvae,6.4,Leuctridae
ART1_2018,8/30/2018,Kick net,Larvae,7,Leuctridae
ART1_2018,8/30/2018,Kick net,Larvae,5.2,Leuctridae
ART1_2018,8/30/2018,Kick net,Larvae,4.4,Nemouridae
ART1_2018,8/30/2018,Kick net,Larvae,3.4,Nemouridae
ART1_2018,8/30/2018,Kick net,Larvae,1.6,Nemouridae
ART1_2018,8/30/2018,Kick net,Larvae,1.8,Limnephilidae
ART1_2018,8/30/2018,Kick net,Larvae,4.2,Hydraenidae
ART1_2018,8/30/2018,Kick net,Larvae,8,Chloroperlinae
ART1_2018,8/30/2018,Kick net,Larvae,2.2,Chloroperlinae
ART1_2018,8/30/2018,Kick net,Larvae,5.4,Chloroperlinae
ART1_2018,8/30/2018,Kick net,Larvae,4,Chloroperlinae
ART1_2018,8/30/2018,Kick net,Larvae,4.4,Chloroperlinae
ART1_2018,8/30/2018,Kick net,Larvae,6.8,Chloroperlinae
ART1_2018,8/30/2018,Kick net,Larvae,7.4,Chloroperlinae
ART1_2018,8/30/2018,Kick net,Larvae,3.4,Chloroperlinae
ART1_2018,8/30/2018,Kick net,Larvae,4.2,Chloroperlinae
ART1_2018,8/30/2018,Kick net,Larvae,3.6,Chloroperlinae
ART1_2018,8/30/2018,Kick net,Larvae,3,Chloroperlinae
ART1_2018,8/30/2018,Kick net,Larvae,4.6,Chloroperlinae
ART1_2018,8/30/2018,Kick net,Larvae,5.8,Chloroperlinae
ART1_2018,8/30/2018,Kick net,Larvae,8.2,Chloroperlinae
MST4_2018,9/6/2018,Drift net,Adult,0.8,Trombidiformes
MST4_2018,9/6/2018,Drift net,Adult,3.4,Chironomidae
MST4_2018,9/6/2018,Drift net,Larvae,2.6,Chironominae
MST4_2018,9/6/2018,Drift net,Larvae,3,Chironominae
MST4_2018,9/6/2018,Drift net,Larvae,6,Chironominae
MST4_2018,9/6/2018,Drift net,Larvae,1.4,Chironominae
MST4_2018,9/6/2018,Drift net,Larvae,3.2,Chironominae
MST4_2018,9/6/2018,Drift net,Larvae,3.4,Chironominae
MST4_2018,9/6/2018,Drift net,Larvae,2.8,Chironominae
MST4_2018,9/6/2018,Drift net,Larvae,2,Chironominae
MST4_2018,9/6/2018,Drift net,Larvae,2.4,Chironominae
MST4_2018,9/6/2018,Drift net,Larvae,6.2,Orthocladiinae
MST4_2018,9/6/2018,Drift net,Larvae,3.4,Orthocladiinae
MST4_2018,9/6/2018,Drift net,Larvae,1.4,Orthocladiinae
MST4_2018,9/6/2018,Drift net,Larvae,1.6,Orthocladiinae
MST4_2018,9/6/2018,Drift net,Larvae,5.4,Orthocladiinae
MST4_2018,9/6/2018,Drift net,Larvae,5,Orthocladiinae
MST4_2018,9/6/2018,Drift net,Larvae,4,Orthocladiinae
MST4_2018,9/6/2018,Drift net,Larvae,6,Orthocladiinae
MST4_2018,9/6/2018,Drift net,Larvae,4.4,Orthocladiinae
MST4_2018,9/6/2018,Drift net,Larvae,1.2,Orthocladiinae
MST4_2018,9/6/2018,Drift net,Larvae,4.6,Orthocladiinae
MST4_2018,9/6/2018,Drift net,Larvae,6.4,Orthocladiinae
MST4_2018,9/6/2018,Drift net,Larvae,2.8,Orthocladiinae
MST4_2018,9/6/2018,Drift net,Larvae,2.6,Orthocladiinae
MST4_2018,9/6/2018,Drift net,Larvae,1.8,Orthocladiinae
MST4_2018,9/6/2018,Drift net,Larvae,3,Orthocladiinae
MST4_2018,9/6/2018,Drift net,Larvae,5.2,Pericoma
MST4_2018,9/6/2018,Drift net,Larvae,6.4,Pericoma
MST4_2018,9/6/2018,Drift net,Larvae,10,Tipula
MST4_2018,9/6/2018,Drift net,Larvae,3,Heptageniidae
MST4_2018,9/6/2018,Drift net,Larvae,2.4,Heptageniidae
MST4_2018,9/6/2018,Drift net,Larvae,2.2,Micrasema
MST4_2018,9/6/2018,Drift net,Larvae,1.6,Glossosoma
NFT4_2018,9/5/2018,Drift net,Adult,1,Hygrobatidae
NFT4_2018,9/5/2018,Drift net,Adult,1.2,Hygrobatidae
NFT4_2018,9/5/2018,Drift net,Adult,1,Lebertia
NFT4_2018,9/5/2018,Drift net,Adult,1,Sperchon
NFT4_2018,9/5/2018,Drift net,Adult,1.6,Collembola
NFT4_2018,9/5/2018,Drift net,Pupae,4.8,Chironomidae
NFT4_2018,9/5/2018,Drift net,Pupae,3.4,Chironomidae
NFT4_2018,9/5/2018,Drift net,Pupae,4.4,Chironomidae
NFT4_2018,9/5/2018,Drift net,Larvae,0.8,Chironominae
NFT4_2018,9/5/2018,Drift net,Larvae,1.2,Chironominae
NFT4_2018,9/5/2018,Drift net,Larvae,5,Orthocladiinae
NFT4_2018,9/5/2018,Drift net,Larvae,1.8,Orthocladiinae
NFT4_2018,9/5/2018,Drift net,Larvae,1,Orthocladiinae
NFT4_2018,9/5/2018,Drift net,Larvae,1.2,Orthocladiinae
NFT4_2018,9/5/2018,Drift net,Larvae,1.4,Orthocladiinae
NFT4_2018,9/5/2018,Drift net,Larvae,1.6,Orthocladiinae
NFT4_2018,9/5/2018,Drift net,Larvae,5,Pericoma
NFT4_2018,9/5/2018,Drift net,Larvae,3.2,Pericoma
NFT4_2018,9/5/2018,Drift net,Larvae,5.6,Pericoma
NFT4_2018,9/5/2018,Drift net,Larvae,2,Cinygmula
NFT4_2018,9/5/2018,Drift net,Larvae,2.4,Cinygmula
NFT4_2018,9/5/2018,Drift net,Larvae,2.2,Cinygmula
NFT4_2018,9/5/2018,Drift net,Larvae,2.4,Capniidae
NFT4_2018,9/5/2018,Drift net,Larvae,1.6,Capniidae
NFT4_2018,9/5/2018,Drift net,Larvae,3,Capniidae
NFT4_2018,9/5/2018,Drift net,Larvae,2,Limnephilidae
NFT4_2018,9/5/2018,Drift net,Larvae,7.4,Limnephilidae
NFT4_2018,9/5/2018,Drift net,Larvae,3,Limnephilidae
NFT4_2018,9/5/2018,Drift net,Larvae,2.4,Limnephilidae
NFT4_2018,9/5/2018,Drift net,Larvae,4.2,Limnephilidae
NFT4_2018,9/5/2018,Drift net,Larvae,3.4,Limnephilidae
NFT4_2018,9/5/2018,Drift net,Larvae,4,Limnephilidae
NFT4_2018,9/5/2018,Drift net,Larvae,5,Limnephilidae
NFT4_2018,9/5/2018,Drift net,Larvae,5.2,Limnephilidae
NFT4_2018,9/5/2018,Drift net,Adult,5.6,Curculionidae
NFT4_2018,9/5/2018,Drift net,Larvae,3.6,Acentrella
NFT4_2018,9/5/2018,Drift net,Larvae,2.8,Acentrella
NFT3_2018,9/4/2018,Drift net,Adult,1,Lebertia
NFT3_2018,9/4/2018,Drift net,Adult,1,Sperchon
NFT3_2018,9/4/2018,Drift net,Larvae,2.4,Chironominae
NFT3_2018,9/4/2018,Drift net,Larvae,2,Chironominae
NFT3_2018,9/4/2018,Drift net,Larvae,2.6,Chironominae
NFT3_2018,9/4/2018,Drift net,Larvae,2.8,Chironominae
NFT3_2018,9/4/2018,Drift net,Larvae,1.8,Chironominae
NFT3_2018,9/4/2018,Drift net,Larvae,3,Chironominae
NFT3_2018,9/4/2018,Drift net,Larvae,2.2,Chironominae
NFT3_2018,9/4/2018,Drift net,Larvae,1.6,Chironominae
NFT3_2018,9/4/2018,Drift net,Larvae,2,Orthocladiinae
NFT3_2018,9/4/2018,Drift net,Larvae,2.4,Orthocladiinae
NFT3_2018,9/4/2018,Drift net,Larvae,5.2,Orthocladiinae
NFT3_2018,9/4/2018,Drift net,Larvae,3,Orthocladiinae
NFT3_2018,9/4/2018,Drift net,Larvae,1.6,Orthocladiinae
NFT3_2018,9/4/2018,Drift net,Larvae,6,Orthocladiinae
NFT3_2018,9/4/2018,Drift net,Larvae,2.6,Orthocladiinae
NFT3_2018,9/4/2018,Drift net,Larvae,3,Pericoma
NFT3_2018,9/4/2018,Drift net,Larvae,4.2,Pericoma
NFT3_2018,9/4/2018,Drift net,Larvae,2.8,Pericoma
NFT3_2018,9/4/2018,Drift net,Larvae,3.2,Pericoma
NFT3_2018,9/4/2018,Drift net,Larvae,3.6,Pericoma
NFT3_2018,9/4/2018,Drift net,Larvae,2.4,Pericoma
NFT3_2018,9/4/2018,Drift net,Larvae,2.6,Pericoma
NFT3_2018,9/4/2018,Drift net,Larvae,2,Capniidae
NFT3_2018,9/4/2018,Drift net,Larvae,1.8,Capniidae
NFT3_2018,9/4/2018,Drift net,Larvae,1.6,Nemouridae
NFT3_2018,9/4/2018,Drift net,Larvae,1.2,Nemouridae
NFT3_2018,9/4/2018,Drift net,Larvae,1,Nemouridae
NFT3_2018,9/4/2018,Drift net,Larvae,1.4,Nemouridae
NFT3_2018,9/4/2018,Drift net,Larvae,2.8,Limnephilidae
NFT3_2018,9/4/2018,Drift net,Larvae,2.2,Limnephilidae
NFT3_2018,9/4/2018,Drift net,Larvae,3,Limnephilidae
NFT3_2018,9/4/2018,Drift net,Larvae,2,Limnephilidae
SFT4_2018,9/2/2018,Drift net,Adult,1,Hygrobatidae
SFT4_2018,9/2/2018,Drift net,Adult,1,Lebertia
SFT4_2018,9/2/2018,Drift net,Adult,1,Sperchon
SFT4_2018,9/2/2018,Drift net,Adult,1.2,Sperchon
SFT4_2018,9/2/2018,Drift net,Adult,1.4,Collembola
SFT4_2018,9/2/2018,Drift net,Adult,1.2,Collembola
SFT4_2018,9/2/2018,Drift net,Pupae,3.2,Chironomidae
SFT4_2018,9/2/2018,Drift net,Pupae,4,Chironomidae
SFT4_2018,9/2/2018,Drift net,Pupae,3.4,Chironomidae
SFT4_2018,9/2/2018,Drift net,Pupae,3.6,Chironomidae
SFT4_2018,9/2/2018,Drift net,Pupae,3,Chironomidae
SFT4_2018,9/2/2018,Drift net,Pupae,2.6,Chironomidae
SFT4_2018,9/2/2018,Drift net,Larvae,2.2,Chironominae
SFT4_2018,9/2/2018,Drift net,Larvae,2.4,Chironominae
SFT4_2018,9/2/2018,Drift net,Larvae,2,Chironominae
SFT4_2018,9/2/2018,Drift net,Larvae,1.4,Chironominae
SFT4_2018,9/2/2018,Drift net,Larvae,1.6,Chironominae
SFT4_2018,9/2/2018,Drift net,Larvae,4.6,Chironominae
SFT4_2018,9/2/2018,Drift net,Larvae,4.4,Chironominae
SFT4_2018,9/2/2018,Drift net,Larvae,1.2,Chironominae
SFT4_2018,9/2/2018,Drift net,Larvae,1.8,Chironominae
SFT4_2018,9/2/2018,Drift net,Larvae,2.6,Chironominae
SFT4_2018,9/2/2018,Drift net,Larvae,1,Chironominae
SFT4_2018,9/2/2018,Drift net,Larvae,3.2,Chironominae
SFT4_2018,9/2/2018,Drift net,Larvae,1.6,Orthocladiinae
SFT4_2018,9/2/2018,Drift net,Larvae,1.8,Orthocladiinae
SFT4_2018,9/2/2018,Drift net,Larvae,1.4,Orthocladiinae
SFT4_2018,9/2/2018,Drift net,Larvae,0.6,Orthocladiinae
SFT4_2018,9/2/2018,Drift net,Larvae,5,Orthocladiinae
SFT4_2018,9/2/2018,Drift net,Larvae,1.2,Orthocladiinae
SFT4_2018,9/2/2018,Drift net,Larvae,2.4,Orthocladiinae
SFT4_2018,9/2/2018,Drift net,Larvae,2.8,Orthocladiinae
SFT4_2018,9/2/2018,Drift net,Larvae,3.6,Orthocladiinae
SFT4_2018,9/2/2018,Drift net,Larvae,3.2,Orthocladiinae
SFT4_2018,9/2/2018,Drift net,Larvae,1,Orthocladiinae
SFT4_2018,9/2/2018,Drift net,Larvae,3,Orthocladiinae
SFT4_2018,9/2/2018,Drift net,Larvae,3,Tanypodinae
SFT4_2018,9/2/2018,Drift net,Larvae,5.2,Tanypodinae
SFT4_2018,9/2/2018,Drift net,Larvae,4,Pericoma
SFT4_2018,9/2/2018,Drift net,Larvae,1.6,Baetis
SFT4_2018,9/2/2018,Drift net,Larvae,2,Capniidae
SFT4_2018,9/2/2018,Drift net,Larvae,2.6,Capniidae
SFT4_2018,9/2/2018,Drift net,Larvae,2.4,Taeniopterygidae
SFT4_2018,9/2/2018,Drift net,Larvae,2,Taeniopterygidae
SFT4_2018,9/2/2018,Drift net,Larvae,1.4,Hydroptila
SFT4_2018,9/2/2018,Drift net,Larvae,3.4,Limnephilidae
SFT4_2018,9/2/2018,Drift net,Larvae,2.2,Limnephilidae
SFT4_2018,9/2/2018,Drift net,Larvae,2.6,Limnephilidae
SFT4_2018,9/2/2018,Drift net,Larvae,4.4,Limnephilidae
SFT4_2018,9/2/2018,Drift net,Larvae,2,Limnephilidae
SFT4_2018,9/2/2018,Drift net,Larvae,4,Limnephilidae
SFT4_2018,9/2/2018,Drift net,Larvae,3,Limnephilidae
SFT4_2018,9/2/2018,Drift net,Larvae,3.6,Limnephilidae
SFT4_2018,9/2/2018,Drift net,Larvae,3.2,Limnephilidae
SFT4_2018,9/2/2018,Drift net,Larvae,7.4,Brachycentrus americanus
SFT4_2018,9/2/2018,Drift net,Larvae,5,Acentrella
SFT4_2018,9/2/2018,Drift net,Larvae,5.6,Chloroperlinae
SFT2_2018,9/5/2018,Drift net,Adult,0.8,Hygrobatidae
SFT2_2018,9/5/2018,Drift net,Adult,1,Hygrobatidae
SFT2_2018,9/5/2018,Drift net,Adult,1,Lebertia
SFT2_2018,9/5/2018,Drift net,Adult,1.2,Lebertia
SFT2_2018,9/5/2018,Drift net,Adult,1.4,Lebertia
SFT2_2018,9/5/2018,Drift net,Adult,1.2,Sperchon
SFT2_2018,9/5/2018,Drift net,Adult,1,Sperchon
SFT2_2018,9/5/2018,Drift net,Pupae,3.6,Chironomidae
SFT2_2018,9/5/2018,Drift net,Larvae,2.4,Chironominae
SFT2_2018,9/5/2018,Drift net,Larvae,1.8,Orthocladiinae
SFT2_2018,9/5/2018,Drift net,Larvae,2,Orthocladiinae
SFT2_2018,9/5/2018,Drift net,Larvae,4,Orthocladiinae
SFT2_2018,9/5/2018,Drift net,Larvae,3,Orthocladiinae
SFT2_2018,9/5/2018,Drift net,Larvae,4.6,Orthocladiinae
SFT2_2018,9/5/2018,Drift net,Larvae,2.4,Orthocladiinae
SFT2_2018,9/5/2018,Drift net,Larvae,4.2,Orthocladiinae
SFT2_2018,9/5/2018,Drift net,Larvae,2.6,Orthocladiinae
SFT2_2018,9/5/2018,Drift net,Larvae,1.6,Orthocladiinae
SFT2_2018,9/5/2018,Drift net,Larvae,2.2,Orthocladiinae
SFT2_2018,9/5/2018,Drift net,Larvae,1.4,Orthocladiinae
SFT2_2018,9/5/2018,Drift net,Larvae,3.6,Orthocladiinae
SFT2_2018,9/5/2018,Drift net,Larvae,3,Clinocera
SFT2_2018,9/5/2018,Drift net,Larvae,4.8,Simulium
SFT2_2018,9/5/2018,Drift net,Larvae,4.6,Simulium
SFT2_2018,9/5/2018,Drift net,Larvae,4.2,Simulium
SFT2_2018,9/5/2018,Drift net,Larvae,14.2,Dicranota
SFT2_2018,9/5/2018,Drift net,Larvae,1.6,Dicranota
SFT2_2018,9/5/2018,Drift net,Larvae,3,Cinygmula
SFT2_2018,9/5/2018,Drift net,Larvae,3.8,Limnephilidae
SFT2_2018,9/5/2018,Drift net,Larvae,4.2,Acentrella
SFT1_2018,9/3/2018,Drift net,Adult,0.6,Trombidiformes
SFT1_2018,9/3/2018,Drift net,Adult,1,Hygrobatidae
SFT1_2018,9/3/2018,Drift net,Adult,1,Lebertia
SFT1_2018,9/3/2018,Drift net,Adult,1,Sperchon
SFT1_2018,9/3/2018,Drift net,Adult,3,Chironomidae
SFT1_2018,9/3/2018,Drift net,Adult,2,Chironomidae
SFT1_2018,9/3/2018,Drift net,Adult,1.4,Chironomidae
SFT1_2018,9/3/2018,Drift net,Adult,2.4,Chironomidae
SFT1_2018,9/3/2018,Drift net,Adult,1.8,Chironomidae
SFT1_2018,9/3/2018,Drift net,Adult,1.6,Chironomidae
SFT1_2018,9/3/2018,Drift net,Pupae,3,Chironomidae
SFT1_2018,9/3/2018,Drift net,Adult,4.4,Chironomidae
SFT1_2018,9/3/2018,Drift net,Larvae,1.6,Chironominae
SFT1_2018,9/3/2018,Drift net,Larvae,5,Orthocladiinae
SFT1_2018,9/3/2018,Drift net,Larvae,3.2,Orthocladiinae
SFT1_2018,9/3/2018,Drift net,Larvae,1,Orthocladiinae
SFT1_2018,9/3/2018,Drift net,Larvae,3,Orthocladiinae
SFT1_2018,9/3/2018,Drift net,Larvae,2.6,Orthocladiinae
SFT1_2018,9/3/2018,Drift net,Larvae,2.2,Orthocladiinae
SFT1_2018,9/3/2018,Drift net,Larvae,2.4,Orthocladiinae
SFT1_2018,9/3/2018,Drift net,Larvae,3.4,Orthocladiinae
SFT1_2018,9/3/2018,Drift net,Larvae,3.8,Orthocladiinae
SFT1_2018,9/3/2018,Drift net,Pupae,2,Simuliidae
SFT1_2018,9/3/2018,Drift net,Pupae,1.8,Simuliidae
SFT1_2018,9/3/2018,Drift net,Larvae,1.6,Heptageniidae
SFT1_2018,9/3/2018,Drift net,Larvae,2,Heptageniidae
SFT1_2018,9/3/2018,Drift net,Larvae,6.6,Cinygmula
SFT1_2018,9/3/2018,Drift net,Larvae,5.2,Epeorus
SFT1_2018,9/3/2018,Drift net,Larvae,4.8,Epeorus
SFT1_2018,9/3/2018,Drift net,Larvae,4.6,Capniidae
SFT1_2018,9/3/2018,Drift net,Larvae,3.2,Capniidae
SFT1_2018,9/3/2018,Drift net,Larvae,4.8,Helodon
SFT1_2018,9/3/2018,Drift net,Larvae,5,Prosimulium/Helodon
SFT1_2018,9/3/2018,Drift net,Larvae,5.2,Prosimulium/Helodon
CRT1_2018,8/31/2018,Drift net,Adult,1,Trombidiformes
CRT1_2018,8/31/2018,Drift net,Adult,1,Hygrobatidae
CRT1_2018,8/31/2018,Drift net,Adult,1.4,Hygrobatidae
CRT1_2018,8/31/2018,Drift net,Adult,1.4,Lebertia
CRT1_2018,8/31/2018,Drift net,Adult,1,Lebertia
CRT1_2018,8/31/2018,Drift net,Adult,1,Sperchon
CRT1_2018,8/31/2018,Drift net,Adult,1.4,Sperchon
CRT1_2018,8/31/2018,Drift net,Larvae,3,Diptera
CRT1_2018,8/31/2018,Drift net,Larvae,2.4,Diptera
CRT1_2018,8/31/2018,Drift net,Larvae,2,Diptera
CRT1_2018,8/31/2018,Drift net,Larvae,1.6,Diptera
CRT1_2018,8/31/2018,Drift net,Pupae,3,Chironomidae
CRT1_2018,8/31/2018,Drift net,Pupae,2.8,Chironomidae
CRT1_2018,8/31/2018,Drift net,Larvae,1.6,Chironominae
CRT1_2018,8/31/2018,Drift net,Larvae,4,Orthocladiinae
CRT1_2018,8/31/2018,Drift net,Larvae,5.6,Orthocladiinae
CRT1_2018,8/31/2018,Drift net,Larvae,3.2,Orthocladiinae
CRT1_2018,8/31/2018,Drift net,Larvae,3,Orthocladiinae
CRT1_2018,8/31/2018,Drift net,Larvae,3.4,Orthocladiinae
CRT1_2018,8/31/2018,Drift net,Larvae,2.4,Orthocladiinae
CRT1_2018,8/31/2018,Drift net,Larvae,3.6,Orthocladiinae
CRT1_2018,8/31/2018,Drift net,Larvae,2.2,Clinocera
CRT1_2018,8/31/2018,Drift net,Pupae,3,Simuliidae
CRT1_2018,8/31/2018,Drift net,Larvae,3.8,Simulium
CRT1_2018,8/31/2018,Drift net,Larvae,2.4,Simulium
CRT1_2018,8/31/2018,Drift net,Larvae,1.6,Nemouridae
CRT1_2018,8/31/2018,Drift net,Larvae,2,Nemouridae
CRT1_2018,8/31/2018,Drift net,Larvae,1.4,Nemouridae
CRT1_2018,8/31/2018,Drift net,Larvae,1.2,Nemouridae
CRT1_2018,8/31/2018,Drift net,Larvae,2.4,Nemouridae
CRT1_2018,8/31/2018,Drift net,Larvae,3.2,Podmosta
CRT1_2018,8/31/2018,Drift net,Larvae,4,Podmosta
CRT1_2018,8/31/2018,Drift net,Larvae,4.8,Podmosta
CRT1_2018,8/31/2018,Drift net,Larvae,1.4,Brachycentrus
CRT1_2018,8/31/2018,Drift net,Larvae,1.2,Brachycentrus
CRT1_2018,8/31/2018,Drift net,Larvae,1.6,Brachycentrus
CRT1_2018,8/31/2018,Drift net,Larvae,2.6,Limnephilidae
CRT1_2018,8/31/2018,Drift net,Larvae,2.8,Limnephilidae
CRT1_2018,8/31/2018,Drift net,Adult,4,Valvata
CRT1_2018,8/31/2018,Drift net,Adult,3,Valvata
CRT1_2018,8/31/2018,Drift net,Adult,2.6,Valvata
CRT1_2018,8/31/2018,Drift net,Adult,3.2,Valvata
CRT2_2018,8/31/2018,Drift net,Adult,0.8,Trombidiformes
CRT2_2018,8/31/2018,Drift net,Adult,1.2,Hygrobatidae
CRT2_2018,8/31/2018,Drift net,Adult,1,Lebertia
CRT2_2018,8/31/2018,Drift net,Adult,1,Sperchon
CRT2_2018,8/31/2018,Drift net,Adult,3,Oreodytes
CRT2_2018,8/31/2018,Drift net,Larvae,1.4,Chironominae
CRT2_2018,8/31/2018,Drift net,Larvae,1.6,Chironominae
CRT2_2018,8/31/2018,Drift net,Larvae,3.6,Orthocladiinae
CRT2_2018,8/31/2018,Drift net,Larvae,2.4,Orthocladiinae
CRT2_2018,8/31/2018,Drift net,Larvae,2.6,Orthocladiinae
CRT2_2018,8/31/2018,Drift net,Larvae,4.2,Chelifera
CRT2_2018,8/31/2018,Drift net,Larvae,3.4,Pericoma
CRT2_2018,8/31/2018,Drift net,Larvae,3.2,Simulium
CRT2_2018,8/31/2018,Drift net,Larvae,5.4,Simulium
CRT2_2018,8/31/2018,Drift net,Larvae,2.8,Simulium
CRT2_2018,8/31/2018,Drift net,Larvae,2,Heptageniidae
CRT2_2018,8/31/2018,Drift net,Larvae,2.4,Nemouridae
CRT2_2018,8/31/2018,Drift net,Larvae,1.2,Brachycentrus
CRT2_2018,8/31/2018,Drift net,Larvae,1.8,Brachycentrus
CRT2_2018,8/31/2018,Drift net,Larvae,1.6,Brachycentrus
CRT2_2018,8/31/2018,Drift net,Larvae,1.4,Brachycentrus
CRT2_2018,8/31/2018,Drift net,Larvae,2,Brachycentrus
CRT2_2018,8/31/2018,Drift net,Larvae,3,Micrasema
CRT2_2018,8/31/2018,Drift net,Larvae,2.6,Limnephilidae
CRT2_2018,8/31/2018,Drift net,Larvae,2.4,Limnephilidae
CRT2_2018,8/31/2018,Drift net,Larvae,2.2,Limnephilidae
CRT2_2018,8/31/2018,Drift net,Larvae,3.4,Limnephilidae
CRT2_2018,8/31/2018,Drift net,Larvae,2.8,Limnephilidae
CRT2_2018,8/31/2018,Drift net,Larvae,2,Limnephilidae
CRT2_2018,8/31/2018,Drift net,Larvae,4,Limnephilidae
CRT2_2018,8/31/2018,Drift net,Larvae,3,Limnephilidae
CRT2_2018,8/31/2018,Drift net,Larvae,6.2,Brachycentrus americanus
CRT2_2018,8/31/2018,Drift net,Larvae,5,Plauditus punctiventris
CRT2_2018,8/31/2018,Drift net,Larvae,6,Plauditus punctiventris
CRT2_2018,8/31/2018,Drift net,Larvae,4.2,Plauditus punctiventris
IRT2_2018,9/1/2018,Drift net,Adult,0.8,Hygrobatidae
IRT2_2018,9/1/2018,Drift net,Adult,1,Hygrobatidae
IRT2_2018,9/1/2018,Drift net,Adult,1,Lebertia
IRT2_2018,9/1/2018,Drift net,Adult,0.8,Lebertia
IRT2_2018,9/1/2018,Drift net,Adult,1,Sperchon
IRT2_2018,9/1/2018,Drift net,Larvae,3.8,Chironomidae
IRT2_2018,9/1/2018,Drift net,Larvae,1.4,Chironominae
IRT2_2018,9/1/2018,Drift net,Larvae,4,Chironominae
IRT2_2018,9/1/2018,Drift net,Larvae,4.6,Orthocladiinae
IRT2_2018,9/1/2018,Drift net,Larvae,4,Orthocladiinae
IRT2_2018,9/1/2018,Drift net,Larvae,2.6,Orthocladiinae
IRT2_2018,9/1/2018,Drift net,Larvae,2.8,Orthocladiinae
IRT2_2018,9/1/2018,Drift net,Larvae,2,Simulium
IRT2_2018,9/1/2018,Drift net,Larvae,5,Simulium
IRT2_2018,9/1/2018,Drift net,Larvae,8.8,Tipula
IRT2_2018,9/1/2018,Drift net,Larvae,2.6,Heptageniidae
IRT2_2018,9/1/2018,Drift net,Larvae,1.6,Nemouridae
IRT2_2018,9/1/2018,Drift net,Larvae,2,Nemouridae
IRT2_2018,9/1/2018,Drift net,Larvae,2.2,Hydroptilidae
IRT2_2018,9/1/2018,Drift net,Larvae,2,Limnephilidae
IRT2_2018,9/1/2018,Drift net,Larvae,2.6,Limnephilidae
IRT2_2018,9/1/2018,Drift net,Larvae,2.2,Rhyacophila
IRT2_2018,9/1/2018,Drift net,Larvae,5,Dixella
IRT2_2018,9/1/2018,Drift net,Larvae,5.6,Brachycentrus americanus
IRT2_2018,9/1/2018,Drift net,Adult,1,Sperchonopsis
ART3_2018,8/30/2018,Drift net,Adult,1.2,Hygrobatidae
ART3_2018,8/30/2018,Drift net,Adult,1,Lebertia
ART3_2018,8/30/2018,Drift net,Adult,1.4,Lebertia
ART3_2018,8/30/2018,Drift net,Larvae,9.8,Agabus
ART3_2018,8/30/2018,Drift net,Pupae,2.8,Chironomidae
ART3_2018,8/30/2018,Drift net,Pupae,3.4,Chironomidae
ART3_2018,8/30/2018,Drift net,Pupae,2.4,Chironomidae
ART3_2018,8/30/2018,Drift net,Pupae,2.6,Chironomidae
ART3_2018,8/30/2018,Drift net,Pupae,3.8,Chironomidae
ART3_2018,8/30/2018,Drift net,Pupae,3,Chironomidae
ART3_2018,8/30/2018,Drift net,Larvae,2.2,Chironominae
ART3_2018,8/30/2018,Drift net,Larvae,1.6,Chironominae
ART3_2018,8/30/2018,Drift net,Larvae,3.6,Orthocladiinae
ART3_2018,8/30/2018,Drift net,Larvae,4,Orthocladiinae
ART3_2018,8/30/2018,Drift net,Larvae,1.6,Orthocladiinae
ART3_2018,8/30/2018,Drift net,Larvae,3.8,Orthocladiinae
ART3_2018,8/30/2018,Drift net,Larvae,4,Tanypodinae
ART3_2018,8/30/2018,Drift net,Larvae,4.6,Chelifera
ART3_2018,8/30/2018,Drift net,Larvae,6,Pericoma
ART3_2018,8/30/2018,Drift net,Larvae,5.4,Pericoma
ART3_2018,8/30/2018,Drift net,Larvae,4,Pericoma
ART3_2018,8/30/2018,Drift net,Larvae,5.6,Pericoma
ART3_2018,8/30/2018,Drift net,Larvae,6.2,Pericoma
ART3_2018,8/30/2018,Drift net,Larvae,5,Pericoma
ART3_2018,8/30/2018,Drift net,Larvae,6.4,Pericoma
ART3_2018,8/30/2018,Drift net,Larvae,4.8,Pericoma
ART3_2018,8/30/2018,Drift net,Larvae,4.2,Pericoma
ART3_2018,8/30/2018,Drift net,Larvae,5.2,Pericoma
ART3_2018,8/30/2018,Drift net,Larvae,4.6,Pericoma
ART3_2018,8/30/2018,Drift net,Larvae,3.6,Pericoma
ART3_2018,8/30/2018,Drift net,Larvae,3.2,Pericoma
ART3_2018,8/30/2018,Drift net,Larvae,4.4,Pericoma
ART3_2018,8/30/2018,Drift net,Larvae,5.8,Pericoma
ART3_2018,8/30/2018,Drift net,Pupae,4.2,Simuliidae
ART3_2018,8/30/2018,Drift net,Pupae,3.8,Simuliidae
ART3_2018,8/30/2018,Drift net,Larvae,4.8,Simulium
ART3_2018,8/30/2018,Drift net,Larvae,4,Simulium
ART3_2018,8/30/2018,Drift net,Larvae,4.6,Simulium
ART3_2018,8/30/2018,Drift net,Larvae,3.2,Simulium
ART3_2018,8/30/2018,Drift net,Larvae,3.4,Simulium
ART3_2018,8/30/2018,Drift net,Larvae,3,Simulium
ART3_2018,8/30/2018,Drift net,Larvae,4.4,Simulium
ART3_2018,8/30/2018,Drift net,Larvae,3.8,Simulium
ART3_2018,8/30/2018,Drift net,Larvae,2.4,Simulium
ART3_2018,8/30/2018,Drift net,Larvae,2.8,Simulium
ART3_2018,8/30/2018,Drift net,Larvae,5.6,Simulium
ART3_2018,8/30/2018,Drift net,Larvae,5,Simulium
ART3_2018,8/30/2018,Drift net,Larvae,3.6,Simulium
ART3_2018,8/30/2018,Drift net,Larvae,4.6,Tipulidae
ART3_2018,8/30/2018,Drift net,Larvae,9.6,Tipula
ART3_2018,8/30/2018,Drift net,Larvae,1.2,Baetis
ART3_2018,8/30/2018,Drift net,Larvae,2.2,Hydroptilidae
ART3_2018,8/30/2018,Drift net,Larvae,3.6,Limnephilidae
ART3_2018,8/30/2018,Drift net,Larvae,5.4,Limnephilidae
ART3_2018,8/30/2018,Drift net,Larvae,4,Limnephilidae
ART3_2018,8/30/2018,Drift net,Larvae,4.8,Limnephilidae
ART3_2018,8/30/2018,Drift net,Larvae,3.8,Limnephilidae
ART3_2018,8/30/2018,Drift net,Larvae,4.2,Limnephilidae
ART3_2018,8/30/2018,Drift net,Larvae,2.8,Limnephilidae
ART3_2018,8/30/2018,Drift net,Larvae,6.6,Limnephilidae
ART3_2018,8/30/2018,Drift net,Larvae,5.6,Limnephilidae
ART3_2018,8/30/2018,Drift net,Larvae,6,Limnephilidae
ART3_2018,8/30/2018,Drift net,Larvae,5.2,Limnephilidae
ART3_2018,8/30/2018,Drift net,Larvae,2.2,Limnephilidae
ART3_2018,8/30/2018,Drift net,Larvae,2.6,Limnephilidae
ART3_2018,8/30/2018,Drift net,Larvae,8.4,Probezzia
ART3_2018,8/30/2018,Drift net,Larvae,7.2,Ephemerella dorothea/excrucians
ART3_2018,8/30/2018,Drift net,Larvae,4,Ephemerella dorothea/excrucians
ART2_2018,8/30/2018,Drift net,Adult,0.8,Trombidiformes
ART2_2018,8/30/2018,Drift net,Adult,1.2,Lebertia
ART2_2018,8/30/2018,Drift net,Adult,1.2,Sperchon
ART2_2018,8/30/2018,Drift net,Adult,1.6,Sperchon
ART2_2018,8/30/2018,Drift net,Adult,1.4,Sperchon
ART2_2018,8/30/2018,Drift net,Adult,3.4,Collembola
ART2_2018,8/30/2018,Drift net,Adult,1.4,Collembola
ART2_2018,8/30/2018,Drift net,Larvae,7.4,Diamesinae
ART2_2018,8/30/2018,Drift net,Larvae,6.8,Diamesinae
ART2_2018,8/30/2018,Drift net,Larvae,3,Orthocladiinae
ART2_2018,8/30/2018,Drift net,Larvae,2,Orthocladiinae
ART2_2018,8/30/2018,Drift net,Larvae,6.4,Orthocladiinae
ART2_2018,8/30/2018,Drift net,Larvae,6,Orthocladiinae
ART2_2018,8/30/2018,Drift net,Larvae,2.4,Orthocladiinae
ART2_2018,8/30/2018,Drift net,Larvae,4.6,Orthocladiinae
ART2_2018,8/30/2018,Drift net,Larvae,3.4,Orthocladiinae
ART2_2018,8/30/2018,Drift net,Larvae,5,Orthocladiinae
ART2_2018,8/30/2018,Drift net,Larvae,4.4,Orthocladiinae
ART2_2018,8/30/2018,Drift net,Larvae,2.2,Orthocladiinae
ART2_2018,8/30/2018,Drift net,Larvae,5.6,Orthocladiinae
ART2_2018,8/30/2018,Drift net,Larvae,3.6,Orthocladiinae
ART2_2018,8/30/2018,Drift net,Larvae,2.6,Orthocladiinae
ART2_2018,8/30/2018,Drift net,Larvae,4.8,Orthocladiinae
ART2_2018,8/30/2018,Drift net,Larvae,3.8,Orthocladiinae
ART2_2018,8/30/2018,Drift net,Larvae,4,Orthocladiinae
ART2_2018,8/30/2018,Drift net,Larvae,2.6,Pericoma
ART2_2018,8/30/2018,Drift net,Larvae,2.2,Pericoma
ART2_2018,8/30/2018,Drift net,Larvae,3,Pericoma
ART2_2018,8/30/2018,Drift net,Larvae,1.8,Pericoma
ART2_2018,8/30/2018,Drift net,Larvae,4.8,Tipula
ART2_2018,8/30/2018,Drift net,Larvae,4.2,Tipula
ART2_2018,8/30/2018,Drift net,Larvae,4.2,Baetis
ART2_2018,8/30/2018,Drift net,Larvae,3,Baetis
ART2_2018,8/30/2018,Drift net,Larvae,1.6,Drunella doddsii
ART2_2018,8/30/2018,Drift net,Larvae,1.4,Drunella doddsii
ART2_2018,8/30/2018,Drift net,Larvae,1.8,Drunella doddsii
ART2_2018,8/30/2018,Drift net,Larvae,2.2,Heptageniidae
ART2_2018,8/30/2018,Drift net,Larvae,2,Heptageniidae
ART2_2018,8/30/2018,Drift net,Larvae,2.4,Heptageniidae
ART2_2018,8/30/2018,Drift net,Larvae,5.6,Cinygmula
ART2_2018,8/30/2018,Drift net,Larvae,6,Cinygmula
ART2_2018,8/30/2018,Drift net,Larvae,2.2,Capniidae
ART2_2018,8/30/2018,Drift net,Larvae,2.8,Capniidae
ART2_2018,8/30/2018,Drift net,Larvae,3,Capniidae
ART2_2018,8/30/2018,Drift net,Larvae,3.4,Capniidae
ART2_2018,8/30/2018,Drift net,Larvae,2.4,Capniidae
ART2_2018,8/30/2018,Drift net,Larvae,5.8,Podmosta
ART2_2018,8/30/2018,Drift net,Larvae,6,Podmosta
ART2_2018,8/30/2018,Drift net,Larvae,5,Podmosta
ART2_2018,8/30/2018,Drift net,Larvae,2.8,Podmosta
ART2_2018,8/30/2018,Drift net,Larvae,3.2,Podmosta
ART2_2018,8/30/2018,Drift net,Larvae,4,Podmosta
ART2_2018,8/30/2018,Drift net,Larvae,3.8,Podmosta
ART2_2018,8/30/2018,Drift net,Larvae,2.6,Zapada
ART2_2018,8/30/2018,Drift net,Larvae,2,Limnephilidae
ART2_2018,8/30/2018,Drift net,Larvae,2.6,Limnephilidae
ART2_2018,8/30/2018,Drift net,Larvae,2.8,Limnephilidae
ART2_2018,8/30/2018,Drift net,Larvae,6,Limnephilidae
ART2_2018,8/30/2018,Drift net,Larvae,1.8,Limnephilidae
ART2_2018,8/30/2018,Drift net,Larvae,4.2,Helodon
ART2_2018,8/30/2018,Drift net,Larvae,5.6,Helodon
ART2_2018,8/30/2018,Drift net,Larvae,5,Helodon
ART2_2018,8/30/2018,Drift net,Larvae,5.8,Helodon
ART2_2018,8/30/2018,Drift net,Larvae,4,Helodon
ART2_2018,8/30/2018,Drift net,Larvae,6,Helodon
